cProd,ours_code,margin,cEAN,selling_price,cost_price,ncm,nfe_name,date_of_last_update,sub_itens_quantity
f56366,f6539,20,f7894900034219,7.49,5.060000000011112,22021000,FTA LAR PET RET 2L_TRI,10/03/2024,
f56366 - FD,f23620233,20,f17894900034216,68.5,45.54000000010001,22021000,FTA LAR PET RET 2L_TRI,10/03/2024,
f56271,f933,50,f7894900681000,10.99,7.359999999999999,22021000,SPRITE ORIGINAL PET 2L 6U FL,10/11/2024,
f56271 - FD,f3720237,50,f17894900681069,66.5,44.16,22021000,SPRITE ORIGINAL PET 2L 6U FL,10/11/2024,
f55935,f924,50,f7894900011609,6.2,3.755000000033333,22021000,CC Pet 600ml 6 Pack FL,10/11/2024,
f55935 - FD,f23620230,50,f27894900011603,67.99,45.0600000004,22021000,CC Pet 600ml 6 Pack FL,10/11/2024,
f55609,f67,20,f7894900015119,3.99,2.971875,22021000,CC LS 12 STD,10/11/2024,
f55609 - FD,f22620236,20,f27894900015113,85.99,71.32499999999999,22021000,CC LS 12 STD,10/11/2024,
f55568,f2294,20,f7894900014211,5.99,4.893541666711111,22021000,CC PET RET 2L 9,10/11/2024,
f55568 - FD,f22620235,20,f17894900014218,211.5,176.1675000016,22021000,CC PET RET 2L 9,10/11/2024,
f55460,f694,50,f7894900051513,10.5,6.97,22021000,FTA UVA PET 2L 06un,7/4/2023,
f55460 - FD,f22620234,50,f27894900051517,62.99,41.82,22021000,FTA UVA PET 2L 06un,7/4/2023,
f55404,f699,50,f7894900010015,4.2,2.800833333366666,22021000,COCA COLA LT12 350ML FL,10/11/2024,
f55404 - FD,f4720230,50,f47894900010013,50.5,33.6100000004,22021000,COCA COLA LT12 350ML FL,10/11/2024,
f119521,f4720231,50,f1220000250222,9.99,6.16,22029900,Monster Ultra Watermelon LT 473ml 06,07/11/2024,
f119521 - FD,f4720232,50,f1220000250239,59.99,36.96,22029900,Monster Ultra Watermelon LT 473ml 06,07/11/2024,
f118990,f4720233,50,f0070847033301,9.99,6.629999999966667,22029900,Monster Mango Loco Lata 473ml 06UN CP,10/11/2024,
f118990 - FD,f4720234,50,f0070847033318,59.99,39.7799999998,22029900,Monster Mango Loco Lata 473ml 06UN CP,10/11/2024,
f118795,f1610228,50,f7894900556032,5.5,3.6400000000333335,22021000,DV FRUT LARANJA PET 1L 6P CP,09/26/2024,
f118795 - FD,f4720235,50,f17894900556039,32.99,21.8400000002,22021000,DV FRUT LARANJA PET 1L 6P CP,09/26/2024,
f118783,f020405,50,f7894900550030,4.99,3.229999999966666,22021000,DV FRUT UVA PET 1L 6P CP,7/4/2023,
f118783 - FD,f22620231,50,f17894900550037,29.2,19.3799999998,22021000,DV FRUT UVA PET 1L 6P CP,7/4/2023,
f118765,f228844,50,f7891098040589,8.99,5.810000000033333,22021000,"MATTE LEAO LIMAO PET 1,5L (6) CP",10/11/2024,
f118765 - FD,f4720236,50,f17891098040586,51.5,34.8600000002,22021000,"MATTE LEAO LIMAO PET 1,5L (6) CP",10/11/2024,
f118463,f1095,50,f0070847022015,9.99,5.974166666633334,22029900,Monster Energy LT 473ml 6Pack FL CP,10/11/2024,
f118463 - FD,f22620230,50,f0070847022503,107.99,71.6899999996,22029900,Monster Energy LT 473ml 6Pack FL CP,10/11/2024,
f118106,f1663,50,f7894900593709,2.99,1.8000000000333334,22021000,KAPO UVA 200 12 CP,10/08/2024,
f118106 - FD,f4720237,50,f7894900593716,32.5,21.6000000004,22021000,KAPO UVA 200 12 CP,10/08/2024,
f118062,f657,50,f7898341430111,10.5,7.29,22029900,D.V Mais Laranja 1Litro 6,09/26/2024,
f118062 - FD,f4720238,50,f17898341431658,65.99,43.74,22029900,D.V Mais Laranja 1Litro 6,09/26/2024,
f118231,f685,50,f7891098000620,3.5,2.319999999966667,22021000,MATTE NATURAL COPO 300ML CP,7/6/2023,
f118231 - FD,f6720234,50,f17891098020625,41.99,27.839999999600003,22021000,MATTE NATURAL COPO 300ML CP,7/6/2023,
f118213,f3303,50,f7891098037015,2.99,1.8789583333666668,22021000,GUA POWER  C/ ACAI  CP300ML CP,10/03/2024,
f118213 - FD,f1785,50,f17891098037012,67.99,45.095000000800006,22021000,GUA POWER  C/ ACAI  CP300ML CP,10/03/2024,
f55477,f7781,50,f7894900911510,9.2,6.010000000033333,22021000,KUAT PET 2L 06un,10/11/2024,
f55477 - FD,f6720235,50,f27894900911514,54.2,36.0600000002,22021000,KUAT PET 2L 06un,10/11/2024,
f55459,f65,50,f7894900031515,11.2,7.359999999999999,22021000,FTA LAR PET 2L,10/11/2024,
f55459 - FD,f6720236,50,f27894900031519,66.5,44.16,22021000,FTA LAR PET 2L,10/11/2024,
f118198,f3301,50,f7894900504002,4.99,3.0366666666333333,22029900,Powerade Mountain Blast  PT500 06 CP,09/26/2024,
f118198 - FD,f6720237,50,f17894900504009,54.99,36.4399999996,22029900,Powerade Mountain Blast  PT500 06 CP,09/26/2024,
f56298,f7114,50,f78908901,2.2,1.3054166666333331,22021000,Coca-Cola PET 200ml 12U MAINLINE,10/11/2024,
f56298 - FD,f6720238,50,f7894900012217,46.99,31.3299999992,22021000,Coca-Cola PET 200ml 12U MAINLINE,10/11/2024,
f56326,f6815,20,f7894900704211,5.99,4.983749999966666,22021000,CC Sem Acucar PET RET 2L 09U,10/11/2024,
f56326 - FD,f23620232,20,f17894900704218,215.5,179.4149999988,22021000,CC Sem Acucar PET RET 2L 09U,10/11/2024,
f56424,f72797,35,f7894900027013,9.98,6.8975608889,22021000,COCA-COLA ORIGINAL PET 2L (6) FL,09/12/2024,
f56424 - FD,f6720239,50,f27894900027017,4655.99,3103.902400005,22021000,COCA-COLA ORIGINAL PET 2L (6) FL,09/12/2024,
f55569,f1187,50,f7894900701517,11.99,7.393333333333333,22021000,CC Sem Acucar PET 2L 6U FL,10/03/2024,
f55569 - FD,f67202310,50,f27894900701511,199.99,133.07999999999998,22021000,CC Sem Acucar PET 2L 6U FL,10/03/2024,
f55707,f63,50,f7894900911602,5.99,3.85,22021000,KUAT PET 600 06un F.Liso,09/02/2024,
f55707 - FD,f67202311,50,f17894900911609,34.99,23.1,22021000,KUAT PET 600 06un F.Liso,09/02/2024,
f55993,f2343,50,f7894900011715,8.6,4.81851851854074,22021000,COCA COLA PET 1L CX C/06,10/11/2024,
f55993 - FD,f23620231,50,f17894900011712,130.2,86.73333333373333,22021000,COCA COLA PET 1L CX C/06,10/11/2024,
f55994,f3686,50,f7894900701715,7.2,4.789999999966667,22021000,CC Sem Acucar PET 1L 6U FL,7/6/2023,
f55994 - FD,f67202312,50,f17894900701712,43.2,28.7399999998,22021000,CC Sem Acucar PET 1L 6U FL,7/6/2023,
f56008,f703,50,f7894900030013,3.99,2.5499999999666665,22021000,FANTA LAR LATA 350ML CX C/06,10/03/2024,
f56008 - FD,f67202313,50,f27894900030017,22.2,15.2999999998,22021000,FANTA LAR LATA 350ML CX C/06,10/03/2024,
f119135,f2047,50,f7894900666502,3.99,2.590000000033333,22021000,DV FRUT FRUTAS CITRICAS PET 450ML 6P CP,7/10/2023,
f119135 - FD,f10720230,50,f17894900666509,23.5,15.5400000002,22021000,DV FRUT FRUTAS CITRICAS PET 450ML 6P CP,7/10/2023,
f118104,f1662,50,f7894900583700,2.99,1.8000000000333334,22021000,KAPO MOR 200 12 CP,10/03/2024,
f118104 - FD,f10720231,50,f7894900583717,32.5,21.6000000004,22021000,KAPO MOR 200 12 CP,10/03/2024,
f118100,f2775,50,f7894900563702,2.99,1.8000000000333334,22021000,KAPO LAR 200 12 CP,10/08/2024,
f118100 - FD,f10720232,50,f7894900563719,32.5,21.6000000004,22021000,KAPO LAR 200 12 CP,10/08/2024,
f56568,f00039,50,f78939745,2.2,1.4500000000333333,22021000,Sprite PET 200ml 12U FI MAIN,08/23/2024,
f56568 - FD,f10720233,50,f7894900681192,26.2,17.4000000004,22021000,Sprite PET 200ml 12U FI MAIN,08/23/2024,
f56561,f72321,50,f78936478,2.2,1.4500000000333333,22021000,Fanta Lar PET 200ml 12U FI MAIN,09/26/2024,
f56561 - FD,f10720234,50,f7894900032215,26.2,17.4000000004,22021000,Fanta Lar PET 200ml 12U FI MAIN,09/26/2024,
f56560,f0903235,50,f78937765,2.2,1.4499999999666666,22021000,Fanta Gua PET 200ml 12U FI MAIN,10/11/2024,
f56560 - FD,f10720235,50,f7894900093384,26.2,17.3999999996,22021000,Fanta Gua PET 200ml 12U FI MAIN,10/11/2024,
f56326,f6815,50,f7894900704211,5.99,4.983749999966666,22021000,CC Sem Acucar PET RET 2L 09U,10/11/2024,
f56312,f923,50,f7894900180503,3.99,2.709999999966666,22021000,SCHW CITRUS ORIGINAL LT 350ML 6U FI,10/03/2024,
f56312 - FD,f10720236,50,f7894900180510,24.5,16.2599999998,22021000,SCHW CITRUS ORIGINAL LT 350ML 6U FI,10/03/2024,
f56298 - FD,f6720238,50,f7894900012217,46.99,31.3299999992,22021000,Coca-Cola PET 200ml 12U MAINLINE,10/11/2024,
f56269,f3479,50,f7894900681017,3.99,2.5499999999666665,22021000,SPRITE ORIGINAL LT 350ml 6U FL,10/03/2024,
f56269 - FD,f10720237,50,f17894900681038,22.2,15.2999999998,22021000,SPRITE ORIGINAL LT 350ml 6U FL,10/03/2024,
f56010,f7596,50,f7894900910018,3.99,2.45,22021000,KUAT LATA 350ML CX C/6,08/29/2024,
f56010 - FD,f10720238,50,f27894900910012,21.2,14.7,22021000,KUAT LATA 350ML CX C/6,08/29/2024,
f55380,f246,50,f7894900300017,3.99,2.709999999966666,22021000,SCHW TONICA LT6,10/03/2024,
f55380 - FD,f10720239,50,f7894900300048,23.5,16.2599999998,22021000,SCHW TONICA LT6,10/03/2024,
f55286,f920,50,f7894900050011,3.99,2.5499999999666665,22021000,FANTA UVA LT 06UN FL,10/11/2024,
f55286 - FD,f107202310,50,f27894900050015,22.2,15.2999999998,22021000,FANTA UVA LT 06UN FL,10/11/2024,
f118069,f667,50,f7898341430098,10.5,7.299999999966667,22029900,D.V Mais Uva 1Litro 6,10/03/2024,
f118069 - FD,f16720230,50,f17898341431580,65.99,43.79999999980001,22029900,D.V Mais Uva 1Litro 6,10/03/2024,
f118461,f16720231,50,f0070847022206,9.5,6.629999999966667,22029900,Monster Ultra LT 473ml 6Pack FL CP,09/24/2024,
f118461 - FD,f16720232,50,f0070847022220,59.99,39.7799999998,22029900,Monster Ultra LT 473ml 6Pack FL CP,09/24/2024,
f118759,f7197,50,f7891098040565,8.99,5.809999999966666,22021000,"MATTE LEAO NATURAL PET 1,5L (6) CP",08/29/2024,
f118759 - FD,f16720233,50,f17891098040562,51.5,34.8599999998,22021000,"MATTE LEAO NATURAL PET 1,5L (6) CP",08/29/2024,
f55609 - FD,f22620236,20,f27894900015113,85.99,71.32499999999999,22021000,CC LS 12 STD,10/11/2024,
f55934,f926,50,f7894900701609,6.2,3.755000000033333,22021000,CC Sem Acucar PET 600ml 6U FL,10/08/2024,
f55934 - FD,f16720234,50,f27894900701603,67.99,45.0600000004,22021000,CC Sem Acucar PET 600ml 6U FL,10/08/2024,
f56074,f4884,50,f7894900093001,3.99,2.390000000033333,22021000,FTA GUA LT 350ml 6U FI MAINLINE,7/16/2023,
f56074 - FD,f16720235,50,f7894900093063,23.2,14.3400000002,22021000,FTA GUA LT 350ml 6U FI MAINLINE,07/15/2024,
f56102,f1192,50,f7894900031607,5.99,3.69625,22021000,FTA LAR PET 600ml 6U FL,10/11/2024,
f56102 - FD,f16720236,50,f27894900031601,66.99,44.355,22021000,FTA LAR PET 600ml 6U FL,10/11/2024,
f56238,f72350,50,f7894900680508,4.99,3.2216666667,22021000,SPRITE FRESH LIMAO PET 510ml 6U FL,10/11/2024,
f56238 - FD,f16720237,50,f17894900680512,29.2,19.3300000002,22021000,SPRITE FRESH LIMAO PET 510ml 6U FL,10/11/2024,
f56287,f7068,50,f7894900025019,2.99,1.77,22021000,Coca-Cola Cafe Espresso LT 220ml 6U FI,10/03/2024,
f56287 - FD,f16720238,50,f7894900025026,15.99,10.62,22021000,Coca-Cola Cafe Espresso LT 220ml 6U FI,10/03/2024,
f141032 - FD,f17720231,50,f7898591453410,15.5,9.36,17049020,FINI BANANAS 15G CX12 180G,07/15/2024,
f141031 - FD,f17720232,50,f7898591453427,14.2,9.36,17049020,FINI BEIJOS 15G CX12 180G,7/17/2023,
f141030 - FD,f17720233,50,f7898591453441,14.2,9.36,17049020,FINI MINHOCAS 15G CX12 180G,7/17/2023,
f141029 - FD,f17720234,50,f7898591453434,14.2,9.36,17049020,FINI DENTADURAS 15G CX12 180G,7/17/2023,
f119514,f0405231,50,f7894900508017,4.99,3.3499999999666663,22029900,Powerade Frutas Tropicais PET 500ml 06CP,09/26/2024,
f119514 - FD,f22620233,50,f7894900508024,29.2,20.0999999998,22029900,Powerade Frutas Tropicais PET 500ml 06CP,09/26/2024,
f119167,f2810214,50,f7894900660364,10.99,6.239999999966667,22029900,DV Abacaxi 1L (6U) CP,10/01/2024,
f119167 - FD,f17720235,50,f17894900660361,56.2,37.4399999998,22029900,DV Abacaxi 1L (6U) CP,10/01/2024,
f118798,f2054,50,f7894900550054,3.99,2.689999999966667,22021000,DV FRUT UVA PET 450ML 6P CP,09/02/2024,
f118798 - FD,f29620234,50,f17894900550051,23.99,16.139999999800004,22021000,DV FRUT UVA PET 450ML 6P CP,09/02/2024,
f55934 - FD,f16720234,50,f27894900701603,67.99,45.0600000004,22021000,CC Sem Acucar PET 600ml 6U FL,10/08/2024,
f55935 - FD,f23620230,50,f27894900011603,67.99,45.0600000004,22021000,CC Pet 600ml 6 Pack FL,10/11/2024,
f55993 - FD,f23620231,50,f17894900011712,130.2,86.73333333373333,22021000,COCA COLA PET 1L CX C/06,10/11/2024,
f55994 - FD,f67202312,50,f17894900701712,78.5,52.3200000004,22021000,CC Sem Acucar PET 1L 6U FL,7/17/2023,
f56071,f4904,50,f7894900093056,10.5,6.970000000033333,22021000,FTA GUA PET 2L 6U FL,10/01/2024,
f56071 - FD,f17720236,50,f27894900093050,62.99,41.8200000002,22021000,FTA GUA PET 2L 6U FL,10/01/2024,
f56298 - FD,f6720238,50,f7894900012217,46.99,31.3299999992,22021000,Coca-Cola PET 200ml 12U MAINLINE,10/11/2024,
f56350,f693,50,f7894900681246,5.99,3.69625,22021000,SPRITE ORIGINAL PET 600ml 6U FL,10/03/2024,
f56350 - FD,f17720237,50,f17894900681243,66.99,44.355,22021000,SPRITE ORIGINAL PET 600ml 6U FL,10/03/2024,
f55993,f2343,50,f7894900011715,8.6,4.81851851854074,22021000,COCA COLA PET 1L CX C/06,10/11/2024,
f55993 - FD,f23620231,50,f17894900011712,130.2,86.73333333373333,22021000,COCA COLA PET 1L CX C/06,10/11/2024,
f56298 - FD,f6720238,50,f7894900012217,46.99,31.3299999992,22021000,Coca-Cola PET 200ml 12U MAINLINE,10/11/2024,
f56443,f7127,50,f78933873,2.2,1.45,22021000,CC Sem Acucar PET 200ml 12U FI MAIN,10/11/2024,
f56443 - FD,f20720230,50,f7894900702217,26.2,17.4,22021000,CC Sem Acucar PET 200ml 12U FI MAIN,10/11/2024,
f118650,f20720231,50,f1220000250147,9.5,6.16,22029900,Monster Khaotic LT 473ml 06,7/20/2023,
f118650 - FD,f20720232,50,f1220000250154,59.99,36.96,22029900,Monster Khaotic LT 473ml 06,07/22/2024,
f118768,f6557,50,f7891098040602,8.99,5.810000000033333,22021000,"MATTE LEAO PESSEGO PET 1,5L (6) CP",08/29/2024,
f118768 - FD,f20720233,50,f17891098040609,51.5,34.8600000002,22021000,"MATTE LEAO PESSEGO PET 1,5L (6) CP",08/29/2024,
f119170,f72862,50,f1220000250031,9.5,6.16,22029900,Monster Pacific Punch LT 473ml 6U FL CP,7/20/2023,
f119170 - FD,f20720234,50,f1220000250048,55.5,36.96,22029900,Monster Pacific Punch LT 473ml 6U FL CP,7/20/2023,
f118463 - FD,f22620230,50,f0070847022503,107.99,71.6899999996,22029900,Monster Energy LT 473ml 6Pack FL CP,10/11/2024,
f118984,f3009213,50,f0070847022305,9.5,6.629999999966667,22029900,Monster Absolutely Zero Lata 473ml CP,09/26/2024,
f118984 - FD,f22620232,50,f0070847022527,59.99,39.7799999998,22029900,Monster Absolutely Zero Lata 473ml CP,09/26/2024,
f118990 - FD,f4720234,50,f0070847033318,59.99,39.7799999998,22029900,Monster Mango Loco Lata 473ml 06UN CP,10/11/2024,
f119512,f1208222,50,f7894900503029,4.99,3.3499999999666663,22029900,Powerade Laranja PET 500ml 06 CP,09/26/2024,
f119512 - FD,f27720233,50,f17894900503002,30.2,20.0999999998,22029900,Powerade Laranja PET 500ml 06 CP,09/26/2024,
f118098,f3492,50,f7894900603705,2.99,1.8000000000333334,22021000,KAPO ABA 200 12 CP,7/27/2023,
f118098 - FD,f27720234,50,f7894900603712,32.5,21.6000000004,22021000,KAPO ABA 200 12 CP,7/27/2023,
f55388 - FD,f27720235,50,f7894900709834,25.5,16.8099999998,22021000,CC Sem Acucar LT 350ml 6U FL,10/01/2024,
f55935 - FD,f23620230,50,f27894900011603,67.99,45.0600000004,22021000,CC Pet 600ml 6 Pack FL,10/11/2024,
f55993 - FD,f23620231,50,f17894900011712,130.2,86.73333333373333,22021000,COCA COLA PET 1L CX C/06,10/11/2024,
f56298 - FD,f6720238,50,f7894900012217,46.99,31.3299999992,22021000,Coca-Cola PET 200ml 12U MAINLINE,10/11/2024,
f56326 - FD,f23620232,20,f17894900704218,215.5,179.4149999988,22021000,CC Sem Acucar PET RET 2L 09U,10/11/2024,
f56366 - FD,f23620233,20,f17894900034216,68.5,45.54000000010001,22021000,FTA LAR PET RET 2L_TRI,10/03/2024,
f56424 - FD,f6720239,50,f27894900027017,4655.99,3103.902400005,22021000,COCA-COLA ORIGINAL PET 2L (6) FL,09/12/2024,
f92522,f3631,50,f7894900531008,2.5,1.41,22011000,CRYSTAL 500ML COM GAS 12UN CP,09/16/2024,
f92522 - FD,f27720236,50,f17894900531005,25.5,16.919999999999998,22011000,CRYSTAL 500ML COM GAS 12UN CP,09/16/2024,
f55990,f247,50,f7894900053630,5.99,3.75,22021000,FANTA Uva 600ml 06Pack F.Liso,8/3/2023,
f55990 - FD,f3820231,50,f27894900053634,35.2,23.4,22021000,FANTA Uva 600ml 06Pack F.Liso,08/08/2024,
f55993,f2343,50,f7894900011715,8.6,4.81851851854074,22021000,COCA COLA PET 1L CX C/06,10/11/2024,
f55993 - FD,f23620231,50,f17894900011712,130.2,86.73333333373333,22021000,COCA COLA PET 1L CX C/06,10/11/2024,
f55994 - FD,f67202312,50,f17894900701712,78.5,28.7399999998,22021000,CC Sem Acucar PET 1L 6U FL,8/3/2023,
f56298 - FD,f6720238,50,f7894900012217,46.99,31.3299999992,22021000,Coca-Cola PET 200ml 12U MAINLINE,10/11/2024,
f56424 - FD,f6720239,50,f27894900027017,4655.99,3103.902400005,22021000,COCA-COLA ORIGINAL PET 2L (6) FL,09/12/2024,
f56568 - FD,f10720233,50,f7894900681192,26.2,17.4000000004,22021000,Sprite PET 200ml 12U FI MAIN,08/23/2024,
f118463 - FD,f22620230,50,f0070847022503,107.99,71.6899999996,22029900,Monster Energy LT 473ml 6Pack FL CP,10/11/2024,
f118200,f4271,50,f7894900501001,4.99,3.3499999999666663,22029900,Powerade Uva S.Cap PT500 06 CP,10/03/2024,
f118200 - FD,f29620233,50,f17894900501008,30.2,20.0999999998,22029900,Powerade Uva S.Cap PT500 06 CP,10/03/2024,
f118065,f2665,50,f7898341430074,10.99,7.299999999966667,22029900,D.V Mais Maracuja 1Litro 6,09/26/2024,
f118065 - FD,f3820232,50,f17898341431627,65.99,43.79999999980001,22029900,D.V Mais Maracuja 1Litro 6,09/26/2024,
f56424 - FD,f6720239,50,f27894900027017,4655.99,3103.902400005,22021000,COCA-COLA ORIGINAL PET 2L (6) FL,09/12/2024,
f56366 - FD,f23620233,20,f17894900034216,68.5,45.54000000010001,22021000,FTA LAR PET RET 2L_TRI,10/03/2024,
f56326 - FD,f23620232,20,f17894900704218,215.5,179.4149999988,22021000,CC Sem Acucar PET RET 2L 09U,10/11/2024,
f56298 - FD,f6720238,50,f7894900012217,46.99,31.3299999992,22021000,Coca-Cola PET 200ml 12U MAINLINE,10/11/2024,
f56238 - FD,f16720237,50,f17894900680512,29.2,19.3300000002,22021000,SPRITE FRESH LIMAO PET 510ml 6U FL,10/11/2024,
f55993,f2343,50,f7894900011715,8.6,4.81851851854074,22021000,COCA COLA PET 1L CX C/06,10/11/2024,
f55993 - FD,f23620231,50,f17894900011712,130.2,86.73333333373333,22021000,COCA COLA PET 1L CX C/06,10/11/2024,
f55935,f924,50,f7894900011609,6.2,3.755000000033333,22021000,CC Pet 600ml 6 Pack FL,10/11/2024,
f55935 - FD,f23620230,50,f27894900011603,67.99,45.0600000004,22021000,CC Pet 600ml 6 Pack FL,10/11/2024,
f55609 - FD,f22620236,20,f27894900015113,85.99,71.32499999999999,22021000,CC LS 12 STD,10/11/2024,
f55568 - FD,f22620235,20,f17894900014218,211.5,176.1675000016,22021000,CC PET RET 2L 9,10/11/2024,
f118463 - FD,f22620230,50,f0070847022503,107.99,71.6899999996,22029900,Monster Energy LT 473ml 6Pack FL CP,10/11/2024,
f141028 - FD,f7820230,50,f7898591459528,14.2,9.36,17049020,FINI TUBES MORANGO 15G CX12 180G,8/7/2023,
f55934 - FD,f16720234,50,f27894900701603,67.99,45.0600000004,22021000,CC Sem Acucar PET 600ml 6U FL,10/08/2024,
f55935 - FD,f23620230,50,f27894900011603,67.99,45.0600000004,22021000,CC Pet 600ml 6 Pack FL,10/11/2024,
f55993,f2343,50,f7894900011715,8.6,4.81851851854074,22021000,COCA COLA PET 1L CX C/06,10/11/2024,
f55993 - FD,f23620231,50,f17894900011712,130.2,86.73333333373333,22021000,COCA COLA PET 1L CX C/06,10/11/2024,
f55994 - FD,f67202312,50,f17894900701712,78.5,28.7399999998,22021000,CC Sem Acucar PET 1L 6U FL,8/14/2023,
f118067,f1874,50,f7898341430036,10.5,7.29,22029900,D.V Mais Pessego1Litro 6,10/08/2024,
f118067 - FD,f14820230,50,f17898341431603,65.99,43.74,22029900,D.V Mais Pessego1Litro 6,10/08/2024,
f118463 - FD,f22620230,50,f0070847022503,107.99,71.6899999996,22029900,Monster Energy LT 473ml 6Pack FL CP,10/11/2024,
f56298 - FD,f6720238,50,f7894900012217,46.99,31.3299999992,22021000,Coca-Cola PET 200ml 12U MAINLINE,10/11/2024,
f56424 - FD,f6720239,50,f27894900027017,4655.99,3103.902400005,22021000,COCA-COLA ORIGINAL PET 2L (6) FL,09/12/2024,
f56366 - FD,f23620233,20,f17894900034216,68.5,45.54000000010001,22021000,FTA LAR PET RET 2L_TRI,10/03/2024,
f56326 - FD,f23620232,20,f17894900704218,215.5,179.4149999988,22021000,CC Sem Acucar PET RET 2L 09U,10/11/2024,
f56287 - FD,f16720238,50,f7894900025026,15.99,10.62,22021000,Coca-Cola Cafe Espresso LT 220ml 6U FI,10/03/2024,
f55994 - FD,f67202312,50,f17894900701712,78.5,28.7399999998,22021000,CC Sem Acucar PET 1L 6U FL,8/17/2023,
f55993,f2343,50,f7894900011715,8.6,4.81851851854074,22021000,COCA COLA PET 1L CX C/06,10/11/2024,
f55993 - FD,f23620231,50,f17894900011712,130.2,86.73333333373333,22021000,COCA COLA PET 1L CX C/06,10/11/2024,
f55388,f921,50,f7894900700015,4.2,2.8016666666333334,22021000,CC Sem Acucar LT 350ml 6U FL,10/01/2024,
f55609 - FD,f22620236,20,f27894900015113,85.99,71.32499999999999,22021000,CC LS 12 STD,10/11/2024,
f55934 - FD,f16720234,50,f27894900701603,67.99,45.0600000004,22021000,CC Sem Acucar PET 600ml 6U FL,10/08/2024,
f55935,f924,50,f7894900011609,6.2,3.755000000033333,22021000,CC Pet 600ml 6 Pack FL,10/11/2024,
f55935 - FD,f23620230,50,f27894900011603,67.99,45.0600000004,22021000,CC Pet 600ml 6 Pack FL,10/11/2024,
f55993,f2343,50,f7894900011715,8.6,4.81851851854074,22021000,COCA COLA PET 1L CX C/06,10/11/2024,
f55993 - FD,f23620231,50,f17894900011712,130.2,86.73333333373333,22021000,COCA COLA PET 1L CX C/06,10/11/2024,
f56298 - FD,f6720238,50,f7894900012217,46.99,31.3299999992,22021000,Coca-Cola PET 200ml 12U MAINLINE,10/11/2024,
f141027 - FD,f24820230,50,f17898279799820,14.2,9.36,17049020,FINI TUBES MORANGO CITR 15G CX12 180G,8/24/2023,
f56326 - FD,f23620232,20,f17894900704218,215.5,179.4149999988,22021000,CC Sem Acucar PET RET 2L 09U,10/11/2024,
f56238 - FD,f16720237,50,f17894900680512,29.2,19.3300000002,22021000,SPRITE FRESH LIMAO PET 510ml 6U FL,10/11/2024,
f55569 - FD,f67202310,50,f27894900701511,199.99,133.07999999999998,22021000,CC Sem Acucar PET 2L 6U FL,10/03/2024,
f118463 - FD,f22620230,50,f0070847022503,107.99,71.6899999996,22029900,Monster Energy LT 473ml 6Pack FL CP,10/11/2024,
f56424,f72797,35,f7894900027013,9.98,6.8975608889,22021000,COCA-COLA ORIGINAL PET 2L (6) FL,09/12/2024,
f118213,f3303,50,f7891098037015,2.99,1.8789583333666668,22021000,GUA POWER  C/ ACAI  CP300ML CP,10/03/2024,
f118463 - FD,f22620230,50,f0070847022503,107.99,71.6899999996,22029900,Monster Energy LT 473ml 6Pack FL CP,10/11/2024,
f55934 - FD,f16720234,50,f27894900701603,67.99,45.0600000004,22021000,CC Sem Acucar PET 600ml 6U FL,10/08/2024,
f55935,f924,50,f7894900011609,6.2,3.755000000033333,22021000,CC Pet 600ml 6 Pack FL,10/11/2024,
f55935 - FD,f23620230,50,f27894900011603,67.99,45.0600000004,22021000,CC Pet 600ml 6 Pack FL,10/11/2024,
f56298 - FD,f6720238,50,f7894900012217,46.99,31.3299999992,22021000,Coca-Cola PET 200ml 12U MAINLINE,10/11/2024,
f56367,f72644,20,f7894900054217,7.49,5.060000000011112,22021000,FTA UVA PET RET 2L_TRI,10/03/2024,
f56367 - FD,f28820230,50,f17894900054214,68.5,45.54000000010001,22021000,FTA UVA PET RET 2L_TRI,10/03/2024,
f118955,f4070,50,f7894900556056,3.99,2.590000000033333,22021000,DV FRUT LARANJA PET 450ML 6P CP,8/28/2023,
f118955 - FD,f28820231,50,f17894900556053,23.99,15.5400000002,22021000,DV FRUT LARANJA PET 450ML 6P CP,07/29/2024,
f119513,f0408222,50,f7894900500035,4.99,3.3499999999666663,22029900,Powerade Limao PET 500ml 06 CP,10/11/2024,
f119513 - FD,f28820232,50,f17894900500001,29.2,20.0999999998,22029900,Powerade Limao PET 500ml 06 CP,10/11/2024,
f56424,f72797,35,f7894900027013,9.98,6.8975608889,22021000,COCA-COLA ORIGINAL PET 2L (6) FL,09/12/2024,
f56424 - FD,f6720239,50,f27894900027017,4655.99,3103.902400005,22021000,COCA-COLA ORIGINAL PET 2L (6) FL,09/12/2024,
f55460,f694,50,f7894900051513,10.99,7.070000000033334,22021000,FTA UVA PET 2L 06un,8/31/2023,
f55460 - FD,f22620234,50,f27894900051517,63.99,42.420000000200005,22021000,FTA UVA PET 2L 06un,8/31/2023,
f55569 - FD,f67202310,50,f27894900701511,199.99,133.07999999999998,22021000,CC Sem Acucar PET 2L 6U FL,10/03/2024,
f55935,f924,50,f7894900011609,6.2,3.755000000033333,22021000,CC Pet 600ml 6 Pack FL,10/11/2024,
f55935 - FD,f23620230,50,f27894900011603,67.99,45.0600000004,22021000,CC Pet 600ml 6 Pack FL,10/11/2024,
f55993 - FD,f23620231,50,f17894900011712,130.2,86.73333333373333,22021000,COCA COLA PET 1L CX C/06,10/11/2024,
f55994,f3686,50,f7894900701715,7.99,5.0600000000000005,22021000,CC Sem Acucar PET 1L 6U FL,8/31/2023,
f55994 - FD,f67202312,50,f17894900701712,78.5,30.360000000000003,22021000,CC Sem Acucar PET 1L 6U FL,8/31/2023,
f56271,f933,50,f7894900681000,10.99,7.359999999999999,22021000,SPRITE ORIGINAL PET 2L 6U FL,10/11/2024,
f56271 - FD,f3720237,50,f17894900681069,66.5,44.16,22021000,SPRITE ORIGINAL PET 2L 6U FL,10/11/2024,
f56298 - FD,f6720238,50,f7894900012217,46.99,31.3299999992,22021000,Coca-Cola PET 200ml 12U MAINLINE,10/11/2024,
f119145,f2405211,50,f7894900087062,8.99,5.690000000033333,22029900,ADES MACA TP 1L 6U CP,10/01/2024,
f119145 - FD,f318202388,50,f17894900087069,49.99,34.1400000002,22029900,ADES MACA TP 1L 6U CP,10/01/2024,
f55459,f65,50,f7894900031515,11.2,7.359999999999999,22021000,FTA LAR PET 2L,10/11/2024,
f55459 - FD,f6720236,50,f27894900031519,66.5,44.16,22021000,FTA LAR PET 2L,10/11/2024,
f55934 - FD,f16720234,50,f27894900701603,67.99,45.0600000004,22021000,CC Sem Acucar PET 600ml 6U FL,10/08/2024,
f55935,f924,50,f7894900011609,6.2,3.755000000033333,22021000,CC Pet 600ml 6 Pack FL,10/11/2024,
f55935 - FD,f23620230,50,f27894900011603,67.99,45.0600000004,22021000,CC Pet 600ml 6 Pack FL,10/11/2024,
f55993,f2343,50,f7894900011715,8.6,4.81851851854074,22021000,COCA COLA PET 1L CX C/06,10/11/2024,
f55993 - FD,f23620231,50,f17894900011712,130.2,86.73333333373333,22021000,COCA COLA PET 1L CX C/06,10/11/2024,
f55994,f3686,50,f7894900701715,7.99,5.0600000000000005,22021000,CC Sem Acucar PET 1L 6U FL,9/4/2023,
f55994 - FD,f67202312,50,f17894900701712,78.5,30.360000000000003,22021000,CC Sem Acucar PET 1L 6U FL,9/4/2023,
f56238 - FD,f16720237,50,f17894900680512,29.2,19.3300000002,22021000,SPRITE FRESH LIMAO PET 510ml 6U FL,10/11/2024,
f56271,f933,50,f7894900681000,10.99,7.359999999999999,22021000,SPRITE ORIGINAL PET 2L 6U FL,10/11/2024,
f56271 - FD,f3720237,50,f17894900681069,66.5,44.16,22021000,SPRITE ORIGINAL PET 2L 6U FL,10/11/2024,
f56298 - FD,f6720238,50,f7894900012217,46.99,31.3299999992,22021000,Coca-Cola PET 200ml 12U MAINLINE,10/11/2024,
f56326 - FD,f23620232,20,f17894900704218,215.5,179.4149999988,22021000,CC Sem Acucar PET RET 2L 09U,10/11/2024,
f119135 - FD,f10720230,50,f17894900666509,17894900666509.0,15.5400000002,22021000,DV FRUT FRUTAS CITRICAS PET 450ML 6P CP,9/8/2023,
f118990 - FD,f4720234,50,f0070847033318,59.99,39.7799999998,22029900,Monster Mango Loco Lata 473ml 06UN CP,10/11/2024,
f118463 - FD,f22620230,50,f0070847022503,107.99,71.6899999996,22029900,Monster Energy LT 473ml 6Pack FL CP,10/11/2024,
f55404 - FD,f4720230,50,f47894900010013,50.5,33.6100000004,22021000,COCA COLA LT12 350ML FL,10/11/2024,
f55460,f694,50,f7894900051513,10.99,7.070000000033334,22021000,FTA UVA PET 2L 06un,9/8/2023,
f55460 - FD,f22620234,50,f27894900051517,63.99,42.420000000200005,22021000,FTA UVA PET 2L 06un,9/8/2023,
f55569 - FD,f67202310,50,f27894900701511,199.99,133.07999999999998,22021000,CC Sem Acucar PET 2L 6U FL,10/03/2024,
f55934 - FD,f16720234,50,f27894900701603,67.99,45.0600000004,22021000,CC Sem Acucar PET 600ml 6U FL,10/08/2024,
f55935,f924,50,f7894900011609,6.2,3.755000000033333,22021000,CC Pet 600ml 6 Pack FL,10/11/2024,
f55935 - FD,f23620230,50,f27894900011603,67.99,45.0600000004,22021000,CC Pet 600ml 6 Pack FL,10/11/2024,
f55993,f2343,50,f7894900011715,8.6,4.81851851854074,22021000,COCA COLA PET 1L CX C/06,10/11/2024,
f55993 - FD,f23620231,50,f17894900011712,130.2,86.73333333373333,22021000,COCA COLA PET 1L CX C/06,10/11/2024,
f55994,f3686,50,f7894900701715,7.99,5.0600000000000005,22021000,CC Sem Acucar PET 1L 6U FL,9/8/2023,
f55994 - FD,f67202312,50,f17894900701712,78.5,30.360000000000003,22021000,CC Sem Acucar PET 1L 6U FL,9/8/2023,
f56298 - FD,f6720238,50,f7894900012217,46.99,31.3299999992,22021000,Coca-Cola PET 200ml 12U MAINLINE,10/11/2024,
f56424,f72797,35,f7894900027013,9.98,6.8975608889,22021000,COCA-COLA ORIGINAL PET 2L (6) FL,09/12/2024,
f56443 - FD,f20720230,50,f7894900702217,26.2,17.4,22021000,CC Sem Acucar PET 200ml 12U FI MAIN,10/11/2024,
f56366 - FD,f23620233,20,f17894900034216,68.5,45.54000000010001,22021000,FTA LAR PET RET 2L_TRI,10/03/2024,
f55459,f65,50,f7894900031515,11.2,7.359999999999999,22021000,FTA LAR PET 2L,10/11/2024,
f55459 - FD,f6720236,50,f27894900031519,66.5,44.16,22021000,FTA LAR PET 2L,10/11/2024,
f55609 - FD,f22620236,20,f27894900015113,85.99,71.32499999999999,22021000,CC LS 12 STD,10/11/2024,
f56271,f933,50,f7894900681000,10.99,7.359999999999999,22021000,SPRITE ORIGINAL PET 2L 6U FL,10/11/2024,
f56271 - FD,f3720237,50,f17894900681069,66.5,44.16,22021000,SPRITE ORIGINAL PET 2L 6U FL,10/11/2024,
f118463 - FD,f22620230,50,f0070847022503,107.99,71.6899999996,22029900,Monster Energy LT 473ml 6Pack FL CP,10/11/2024,
f55404 - FD,f4720230,50,f47894900010013,50.5,33.6100000004,22021000,COCA COLA LT12 350ML FL,10/11/2024,
f55569 - FD,f67202310,50,f27894900701511,199.99,133.07999999999998,22021000,CC Sem Acucar PET 2L 6U FL,10/03/2024,
f56424,f72797,35,f7894900027013,9.98,6.8975608889,22021000,COCA-COLA ORIGINAL PET 2L (6) FL,09/12/2024,
f56424 - FD,f6720239,50,f27894900027017,4655.99,3103.902400005,22021000,COCA-COLA ORIGINAL PET 2L (6) FL,09/12/2024,
f119146,f0912215,50,f7894900086003,8.99,5.72,22029900,ADES ORIGINAL TP 1L 6U CP,9/14/2023,
f119146 - FD,f149202350,50,f17894900086000,51.5,34.32,22029900,ADES ORIGINAL TP 1L 6U CP,9/14/2023,
f118795 - FD,f4720235,50,f17894900556039,32.99,21.8400000002,22021000,DV FRUT LARANJA PET 1L 6P CP,09/26/2024,
f55460,f694,50,f7894900051513,10.99,7.070000000033334,22021000,FTA UVA PET 2L 06un,9/18/2023,
f55460 - FD,f22620234,50,f27894900051517,63.99,42.420000000200005,22021000,FTA UVA PET 2L 06un,9/18/2023,
f55459,f65,50,f7894900031515,11.2,7.359999999999999,22021000,FTA LAR PET 2L,10/11/2024,
f55459 - FD,f6720236,50,f27894900031519,66.5,44.16,22021000,FTA LAR PET 2L,10/11/2024,
f55404 - FD,f4720230,50,f47894900010013,50.5,33.6100000004,22021000,COCA COLA LT12 350ML FL,10/11/2024,
f55477 - FD,f6720235,50,f27894900911514,54.2,36.0600000002,22021000,KUAT PET 2L 06un,10/11/2024,
f55569 - FD,f67202310,50,f27894900701511,199.99,133.07999999999998,22021000,CC Sem Acucar PET 2L 6U FL,10/03/2024,
f55609 - FD,f22620236,20,f27894900015113,85.99,71.32499999999999,22021000,CC LS 12 STD,10/11/2024,
f55935 - FD,f23620230,50,f27894900011603,67.99,45.0600000004,22021000,CC Pet 600ml 6 Pack FL,10/11/2024,
f55993 - FD,f23620231,50,f17894900011712,130.2,86.73333333373333,22021000,COCA COLA PET 1L CX C/06,10/11/2024,
f56238 - FD,f16720237,50,f17894900680512,29.2,19.3300000002,22021000,SPRITE FRESH LIMAO PET 510ml 6U FL,10/11/2024,
f56271,f933,50,f7894900681000,10.99,7.359999999999999,22021000,SPRITE ORIGINAL PET 2L 6U FL,10/11/2024,
f56271 - FD,f3720237,50,f17894900681069,66.5,44.16,22021000,SPRITE ORIGINAL PET 2L 6U FL,10/11/2024,
f56298 - FD,f6720238,50,f7894900012217,46.99,31.3299999992,22021000,Coca-Cola PET 200ml 12U MAINLINE,10/11/2024,
f56366 - FD,f23620233,20,f17894900034216,68.5,45.54000000010001,22021000,FTA LAR PET RET 2L_TRI,10/03/2024,
f141176 - FD,f189202386,50,f17898591453073,14.2,9.36,17049020,FINI URSINHOS 15G CX12 180G,9/18/2023,
f141175 - FD,f189202351,50,f17898591453400,14.2,9.36,17049020,FINI AMORAS 15G CX12 180G,9/18/2023,
f119531,f189202344,50,f7894900557626,5.5,3.5500000000333336,22021000,"DV FRESH UVA PET 1,5L 6UN CP NOVO",9/18/2023,
f119531 - FD,f189202391,50,f17894900557623,31.99,21.3000000002,22021000,"DV FRESH UVA PET 1,5L 6UN CP NOVO",9/18/2023,
f118463 - FD,f22620230,50,f0070847022503,107.99,71.6899999996,22029900,Monster Energy LT 473ml 6Pack FL CP,10/11/2024,
f119555,f219202397,50,f7894900502046,4.99,3.3499999999666663,22029900,Powerade Tangerina PET 500mL 06 CP,09/05/2024,
f119555 - FD,f219202387,50,f17894900502043,30.2,20.0999999998,22029900,Powerade Tangerina PET 500mL 06 CP,09/05/2024,
f118463 - FD,f22620230,50,f0070847022503,107.99,71.6899999996,22029900,Monster Energy LT 473ml 6Pack FL CP,10/11/2024,
f55459,f65,50,f7894900031515,11.2,7.359999999999999,22021000,FTA LAR PET 2L,10/11/2024,
f55459 - FD,f6720236,50,f27894900031519,66.5,44.16,22021000,FTA LAR PET 2L,10/11/2024,
f55460,f694,50,f7894900051513,10.99,7.070000000033334,22021000,FTA UVA PET 2L 06un,9/21/2023,
f55460 - FD,f22620234,50,f27894900051517,63.99,42.420000000200005,22021000,FTA UVA PET 2L 06un,9/21/2023,
f55477 - FD,f6720235,50,f27894900911514,54.2,36.0600000002,22021000,KUAT PET 2L 06un,10/11/2024,
f55569 - FD,f67202310,50,f27894900701511,199.99,133.07999999999998,22021000,CC Sem Acucar PET 2L 6U FL,10/03/2024,
f55994,f3686,50,f7894900701715,7.99,5.0600000000000005,22021000,CC Sem Acucar PET 1L 6U FL,9/21/2023,
f55994 - FD,f67202312,50,f17894900701712,78.5,30.360000000000003,22021000,CC Sem Acucar PET 1L 6U FL,9/21/2023,
f56238,f72350,50,f7894900680508,4.99,3.2216666667,22021000,SPRITE FRESH LIMAO PET 510ml 6U FL,10/11/2024,
f56238 - FD,f16720237,50,f17894900680512,29.2,19.3300000002,22021000,SPRITE FRESH LIMAO PET 510ml 6U FL,10/11/2024,
f56271,f933,50,f7894900681000,10.99,7.359999999999999,22021000,SPRITE ORIGINAL PET 2L 6U FL,10/11/2024,
f56271 - FD,f3720237,50,f17894900681069,66.5,44.16,22021000,SPRITE ORIGINAL PET 2L 6U FL,10/11/2024,
f56298 - FD,f6720238,50,f7894900012217,46.99,31.3299999992,22021000,Coca-Cola PET 200ml 12U MAINLINE,10/11/2024,
f56424,f72797,35,f7894900027013,9.98,6.8975608889,22021000,COCA-COLA ORIGINAL PET 2L (6) FL,09/12/2024,
f56424 - FD,f6720239,50,f27894900027017,4655.99,3103.902400005,22021000,COCA-COLA ORIGINAL PET 2L (6) FL,09/12/2024,
f55459,f65,50,f7894900031515,11.2,7.359999999999999,22021000,FTA LAR PET 2L,10/11/2024,
f55459 - FD,f6720236,50,f27894900031519,66.5,44.16,22021000,FTA LAR PET 2L,10/11/2024,
f55460,f694,50,f7894900051513,10.99,7.070000000033334,22021000,FTA UVA PET 2L 06un,9/21/2023,
f55460 - FD,f22620234,50,f27894900051517,63.99,42.420000000200005,22021000,FTA UVA PET 2L 06un,9/21/2023,
f55477 - FD,f6720235,50,f27894900911514,54.2,36.0600000002,22021000,KUAT PET 2L 06un,10/11/2024,
f55569 - FD,f67202310,50,f27894900701511,199.99,133.07999999999998,22021000,CC Sem Acucar PET 2L 6U FL,10/03/2024,
f55994,f3686,50,f7894900701715,7.99,5.0600000000000005,22021000,CC Sem Acucar PET 1L 6U FL,9/21/2023,
f55994 - FD,f67202312,50,f17894900701712,78.5,30.360000000000003,22021000,CC Sem Acucar PET 1L 6U FL,9/21/2023,
f56238,f72350,50,f7894900680508,4.99,3.2216666667,22021000,SPRITE FRESH LIMAO PET 510ml 6U FL,10/11/2024,
f56238 - FD,f16720237,50,f17894900680512,29.2,19.3300000002,22021000,SPRITE FRESH LIMAO PET 510ml 6U FL,10/11/2024,
f56271,f933,50,f7894900681000,10.99,7.359999999999999,22021000,SPRITE ORIGINAL PET 2L 6U FL,10/11/2024,
f56271 - FD,f3720237,50,f17894900681069,66.5,44.16,22021000,SPRITE ORIGINAL PET 2L 6U FL,10/11/2024,
f56298 - FD,f6720238,50,f7894900012217,46.99,31.3299999992,22021000,Coca-Cola PET 200ml 12U MAINLINE,10/11/2024,
f56424,f72797,35,f7894900027013,9.98,6.8975608889,22021000,COCA-COLA ORIGINAL PET 2L (6) FL,09/12/2024,
f56424 - FD,f6720239,50,f27894900027017,4655.99,3103.902400005,22021000,COCA-COLA ORIGINAL PET 2L (6) FL,09/12/2024,
f55459,f65,50,f7894900031515,11.2,7.359999999999999,22021000,FTA LAR PET 2L,10/11/2024,
f55459 - FD,f6720236,50,f27894900031519,66.5,44.16,22021000,FTA LAR PET 2L,10/11/2024,
f55460,f694,50,f7894900051513,10.99,7.070000000033334,22021000,FTA UVA PET 2L 06un,9/21/2023,
f55460 - FD,f22620234,50,f27894900051517,63.99,42.420000000200005,22021000,FTA UVA PET 2L 06un,9/21/2023,
f55477 - FD,f6720235,50,f27894900911514,54.2,36.0600000002,22021000,KUAT PET 2L 06un,10/11/2024,
f55569 - FD,f67202310,50,f27894900701511,199.99,133.07999999999998,22021000,CC Sem Acucar PET 2L 6U FL,10/03/2024,
f55994,f3686,50,f7894900701715,7.99,5.0600000000000005,22021000,CC Sem Acucar PET 1L 6U FL,9/21/2023,
f55994 - FD,f67202312,50,f17894900701712,78.5,30.360000000000003,22021000,CC Sem Acucar PET 1L 6U FL,9/21/2023,
f56238,f72350,50,f7894900680508,4.99,3.2216666667,22021000,SPRITE FRESH LIMAO PET 510ml 6U FL,10/11/2024,
f56238 - FD,f16720237,50,f17894900680512,29.2,19.3300000002,22021000,SPRITE FRESH LIMAO PET 510ml 6U FL,10/11/2024,
f56271,f933,50,f7894900681000,10.99,7.359999999999999,22021000,SPRITE ORIGINAL PET 2L 6U FL,10/11/2024,
f56271 - FD,f3720237,50,f17894900681069,66.5,44.16,22021000,SPRITE ORIGINAL PET 2L 6U FL,10/11/2024,
f56298 - FD,f6720238,50,f7894900012217,46.99,31.3299999992,22021000,Coca-Cola PET 200ml 12U MAINLINE,10/11/2024,
f56424,f72797,35,f7894900027013,9.98,6.8975608889,22021000,COCA-COLA ORIGINAL PET 2L (6) FL,09/12/2024,
f56424 - FD,f6720239,50,f27894900027017,4655.99,3103.902400005,22021000,COCA-COLA ORIGINAL PET 2L (6) FL,09/12/2024,
f118990 - FD,f4720234,50,f0070847033318,59.99,39.7799999998,22029900,Monster Mango Loco Lata 473ml 06UN CP,10/11/2024,
f141173 - FD,f25920237,50,f17898591455640,14.2,9.36,17049020,FINI TUBES UVA CITR 15G CX12 180G,9/25/2023,
f141034 - FD,f259202395,50,f7898591459504,14.2,9.36,17049020,FINI TUBES  TRES CORES 15G CX12 180G,9/25/2023,
f141033 - FD,f25920239,50,f7898591459788,14.2,9.36,17049020,FINI TUBES PINTA LINGUA 15G CX12 180G,9/25/2023,
f119530,f7106,50,f7894900558623,5.99,4.129999999966667,22021000,"DV FRESH LIMAO PET 1,5L 6P CP NOVO",10/01/2024,
f119530 - FD,f259202393,50,f17894900558620,37.2,24.7799999998,22021000,"DV FRESH LIMAO PET 1,5L 6P CP NOVO",10/01/2024,
f119529,f6990,50,f7894900558111,5.5,3.5500000000333336,22021000,"DV FRESH LARANJA PET 1,5L 6P CP NOVO",9/25/2023,
f119529 - FD,f259202310,50,f17894900558118,31.99,21.3000000002,22021000,"DV FRESH LARANJA PET 1,5L 6P CP NOVO",9/25/2023,
f55993 - FD,f23620231,50,f17894900011712,130.2,86.73333333373333,22021000,COCA COLA PET 1L CX C/06,10/11/2024,
f56568 - FD,f10720233,50,f7894900681192,26.2,17.4000000004,22021000,Sprite PET 200ml 12U FI MAIN,08/23/2024,
f118463 - FD,f22620230,50,f0070847022503,107.99,71.6899999996,22029900,Monster Energy LT 473ml 6Pack FL CP,10/11/2024,
f55404 - FD,f4720230,50,f47894900010013,50.5,33.6100000004,22021000,COCA COLA LT12 350ML FL,10/11/2024,
f56298 - FD,f6720238,50,f7894900012217,46.99,31.3299999992,22021000,Coca-Cola PET 200ml 12U MAINLINE,10/11/2024,
f55459 - FD,f6720236,50,f27894900031519,66.5,44.16,22021000,FTA LAR PET 2L,10/11/2024,
f55477 - FD,f6720235,50,f27894900911514,54.2,36.0600000002,22021000,KUAT PET 2L 06un,10/11/2024,
f55568 - FD,f22620235,20,f17894900014218,211.5,176.1675000016,22021000,CC PET RET 2L 9,10/11/2024,
f55609 - FD,f22620236,20,f27894900015113,85.99,71.32499999999999,22021000,CC LS 12 STD,10/11/2024,
f55935 - FD,f23620230,50,f27894900011603,67.99,45.0600000004,22021000,CC Pet 600ml 6 Pack FL,10/11/2024,
f56443 - FD,f20720230,50,f7894900702217,26.2,17.4,22021000,CC Sem Acucar PET 200ml 12U FI MAIN,10/11/2024,
f56366 - FD,f23620233,20,f17894900034216,68.5,45.54000000010001,22021000,FTA LAR PET RET 2L_TRI,10/03/2024,
f55934 - FD,f16720234,50,f27894900701603,67.99,45.0600000004,22021000,CC Sem Acucar PET 600ml 6U FL,10/08/2024,
f56271,f933,50,f7894900681000,10.99,7.359999999999999,22021000,SPRITE ORIGINAL PET 2L 6U FL,10/11/2024,
f56271 - FD,f3720237,50,f17894900681069,66.5,44.16,22021000,SPRITE ORIGINAL PET 2L 6U FL,10/11/2024,
f56366 - FD,f23620233,20,f17894900034216,68.5,45.54000000010001,22021000,FTA LAR PET RET 2L_TRI,10/03/2024,
f118463 - FD,f22620230,50,f0070847022503,107.99,71.6899999996,22029900,Monster Energy LT 473ml 6Pack FL CP,10/11/2024,
f55460,f694,50,f7894900051513,10.99,7.070000000033334,22021000,FTA UVA PET 2L 06un,10/2/2023,
f55460 - FD,f22620234,50,f27894900051517,63.99,42.420000000200005,22021000,FTA UVA PET 2L 06un,10/2/2023,
f55935 - FD,f23620230,50,f27894900011603,67.99,45.0600000004,22021000,CC Pet 600ml 6 Pack FL,10/11/2024,
f55993,f2343,50,f7894900011715,8.6,4.81851851854074,22021000,COCA COLA PET 1L CX C/06,10/11/2024,
f55993 - FD,f23620231,50,f17894900011712,130.2,86.73333333373333,22021000,COCA COLA PET 1L CX C/06,10/11/2024,
f56008 - FD,f67202313,50,f27894900030017,22.2,15.2999999998,22021000,FANTA LAR LATA 350ML CX C/06,10/03/2024,
f56238 - FD,f16720237,50,f17894900680512,29.2,19.3300000002,22021000,SPRITE FRESH LIMAO PET 510ml 6U FL,10/11/2024,
f55934 - FD,f16720234,50,f27894900701603,67.99,45.0600000004,22021000,CC Sem Acucar PET 600ml 6U FL,10/08/2024,
f55935 - FD,f23620230,50,f27894900011603,67.99,45.0600000004,22021000,CC Pet 600ml 6 Pack FL,10/11/2024,
f55993,f2343,50,f7894900011715,8.6,4.81851851854074,22021000,COCA COLA PET 1L CX C/06,10/11/2024,
f55993 - FD,f23620231,50,f17894900011712,130.2,86.73333333373333,22021000,COCA COLA PET 1L CX C/06,10/11/2024,
f56298 - FD,f6720238,50,f7894900012217,46.99,31.3299999992,22021000,Coca-Cola PET 200ml 12U MAINLINE,10/11/2024,
f56271,f933,50,f7894900681000,10.99,7.359999999999999,22021000,SPRITE ORIGINAL PET 2L 6U FL,10/11/2024,
f56271 - FD,f3720237,50,f17894900681069,66.5,44.16,22021000,SPRITE ORIGINAL PET 2L 6U FL,10/11/2024,
f55994,f3686,50,f7894900701715,7.99,5.0600000000000005,22021000,CC Sem Acucar PET 1L 6U FL,10/5/2023,
f55994 - FD,f67202312,50,f17894900701712,78.5,30.360000000000003,22021000,CC Sem Acucar PET 1L 6U FL,10/5/2023,
f55934 - FD,f16720234,50,f27894900701603,67.99,45.0600000004,22021000,CC Sem Acucar PET 600ml 6U FL,10/08/2024,
f55568 - FD,f22620235,20,f17894900014218,211.5,176.1675000016,22021000,CC PET RET 2L 9,10/11/2024,
f55460,f694,50,f7894900051513,10.99,7.070000000033334,22021000,FTA UVA PET 2L 06un,10/5/2023,
f55460 - FD,f22620234,50,f27894900051517,63.99,42.420000000200005,22021000,FTA UVA PET 2L 06un,10/5/2023,
f118463 - FD,f22620230,50,f0070847022503,107.99,71.6899999996,22029900,Monster Energy LT 473ml 6Pack FL CP,10/11/2024,
f118223,f687,50,f7891098000637,3.5,2.32,22021000,MATTE LIMAO COPO 300ML CP,10/5/2023,
f118223 - FD,f510202375,50,f17891098020632,41.99,27.84,22021000,MATTE LIMAO COPO 300ML CP,10/5/2023,
f56271,f933,50,f7894900681000,10.99,7.359999999999999,22021000,SPRITE ORIGINAL PET 2L 6U FL,10/11/2024,
f56271 - FD,f3720237,50,f17894900681069,66.5,44.16,22021000,SPRITE ORIGINAL PET 2L 6U FL,10/11/2024,
f55993,f2343,50,f7894900011715,8.6,4.81851851854074,22021000,COCA COLA PET 1L CX C/06,10/11/2024,
f55993 - FD,f23620231,50,f17894900011712,130.2,86.73333333373333,22021000,COCA COLA PET 1L CX C/06,10/11/2024,
f55935 - FD,f23620230,50,f27894900011603,67.99,45.0600000004,22021000,CC Pet 600ml 6 Pack FL,10/11/2024,
f118463 - FD,f22620230,50,f0070847022503,107.99,71.6899999996,22029900,Monster Energy LT 473ml 6Pack FL CP,10/11/2024,
f55404 - FD,f4720230,50,f47894900010013,50.5,33.6100000004,22021000,COCA COLA LT12 350ML FL,10/11/2024,
f55459,f65,50,f7894900031515,11.2,7.359999999999999,22021000,FTA LAR PET 2L,10/11/2024,
f55459 - FD,f6720236,50,f27894900031519,66.5,44.16,22021000,FTA LAR PET 2L,10/11/2024,
f55569 - FD,f67202310,50,f27894900701511,199.99,133.07999999999998,22021000,CC Sem Acucar PET 2L 6U FL,10/03/2024,
f56424,f72797,35,f7894900027013,9.98,6.8975608889,22021000,COCA-COLA ORIGINAL PET 2L (6) FL,09/12/2024,
f56366 - FD,f23620233,20,f17894900034216,68.5,45.54000000010001,22021000,FTA LAR PET RET 2L_TRI,10/03/2024,
f55993,f2343,50,f7894900011715,8.6,4.81851851854074,22021000,COCA COLA PET 1L CX C/06,10/11/2024,
f55993 - FD,f23620231,50,f17894900011712,130.2,86.73333333373333,22021000,COCA COLA PET 1L CX C/06,10/11/2024,
f55935 - FD,f23620230,50,f27894900011603,67.99,45.0600000004,22021000,CC Pet 600ml 6 Pack FL,10/11/2024,
f55934 - FD,f16720234,50,f27894900701603,67.99,45.0600000004,22021000,CC Sem Acucar PET 600ml 6U FL,10/08/2024,
f55707,f63,50,f7894900911602,5.99,3.85,22021000,KUAT PET 600 06un F.Liso,09/02/2024,
f55707 - FD,f67202311,50,f17894900911609,34.99,23.1,22021000,KUAT PET 600 06un F.Liso,09/02/2024,
f55609 - FD,f22620236,20,f27894900015113,85.99,71.32499999999999,22021000,CC LS 12 STD,10/11/2024,
f55568 - FD,f22620235,20,f17894900014218,211.5,176.1675000016,22021000,CC PET RET 2L 9,10/11/2024,
f118990 - FD,f4720234,50,f0070847033318,59.99,39.7799999998,22029900,Monster Mango Loco Lata 473ml 06UN CP,10/11/2024,
f55994,f3686,50,f7894900701715,7.99,5.0600000000000005,22021000,CC Sem Acucar PET 1L 6U FL,10/16/2023,
f55994 - FD,f67202312,50,f17894900701712,78.5,30.360000000000003,22021000,CC Sem Acucar PET 1L 6U FL,10/16/2023,
f56326 - FD,f23620232,20,f17894900704218,215.5,179.4149999988,22021000,CC Sem Acucar PET RET 2L 09U,10/11/2024,
f56298 - FD,f6720238,50,f7894900012217,46.99,31.3299999992,22021000,Coca-Cola PET 200ml 12U MAINLINE,10/11/2024,
f55993,f2343,50,f7894900011715,8.6,4.81851851854074,22021000,COCA COLA PET 1L CX C/06,10/11/2024,
f55993 - FD,f23620231,50,f17894900011712,130.2,86.73333333373333,22021000,COCA COLA PET 1L CX C/06,10/11/2024,
f55935 - FD,f23620230,50,f27894900011603,67.99,45.0600000004,22021000,CC Pet 600ml 6 Pack FL,10/11/2024,
f55934 - FD,f16720234,50,f27894900701603,67.99,45.0600000004,22021000,CC Sem Acucar PET 600ml 6U FL,10/08/2024,
f119529,f6990,50,f7894900558111,5.99,3.749999999966666,22021000,"DV FRESH LARANJA PET 1,5L 6P CP NOVO",10/19/2023,
f119529 - FD,f259202310,50,f17894900558118,33.99,22.4999999998,22021000,"DV FRESH LARANJA PET 1,5L 6P CP NOVO",10/19/2023,
f118463 - FD,f22620230,50,f0070847022503,107.99,71.6899999996,22029900,Monster Energy LT 473ml 6Pack FL CP,10/11/2024,
f118765 - FD,f4720236,50,f17891098040586,51.5,34.8600000002,22021000,"MATTE LEAO LIMAO PET 1,5L (6) CP",10/11/2024,
f56271,f933,50,f7894900681000,10.99,7.359999999999999,22021000,SPRITE ORIGINAL PET 2L 6U FL,10/11/2024,
f56271 - FD,f3720237,50,f17894900681069,66.5,44.16,22021000,SPRITE ORIGINAL PET 2L 6U FL,10/11/2024,
f56238 - FD,f16720237,50,f17894900680512,29.2,19.3300000002,22021000,SPRITE FRESH LIMAO PET 510ml 6U FL,10/11/2024,
f55994 - FD,f67202312,50,f17894900701712,83.99,55.7350000004,22021000,CC Sem Acucar PET 1L 6U FL,10/23/2023,
f55993 - FD,f23620231,50,f17894900011712,130.2,86.73333333373333,22021000,COCA COLA PET 1L CX C/06,10/11/2024,
f55388 - FD,f27720235,50,f7894900709834,25.5,16.8099999998,22021000,CC Sem Acucar LT 350ml 6U FL,10/01/2024,
f55380 - FD,f10720239,50,f7894900300048,23.5,16.2599999998,22021000,SCHW TONICA LT6,10/03/2024,
f55459,f65,50,f7894900031515,11.2,7.359999999999999,22021000,FTA LAR PET 2L,10/11/2024,
f55459 - FD,f6720236,50,f27894900031519,66.5,44.16,22021000,FTA LAR PET 2L,10/11/2024,
f55460,f694,50,f7894900051513,10.99,7.070000000033334,22021000,FTA UVA PET 2L 06un,10/26/2023,
f55460 - FD,f22620234,50,f27894900051517,63.99,42.420000000200005,22021000,FTA UVA PET 2L 06un,10/26/2023,
f55569 - FD,f67202310,50,f27894900701511,199.99,133.07999999999998,22021000,CC Sem Acucar PET 2L 6U FL,10/03/2024,
f55609 - FD,f22620236,20,f27894900015113,85.99,71.32499999999999,22021000,CC LS 12 STD,10/11/2024,
f55934 - FD,f16720234,50,f27894900701603,67.99,45.0600000004,22021000,CC Sem Acucar PET 600ml 6U FL,10/08/2024,
f55935 - FD,f23620230,50,f27894900011603,67.99,45.0600000004,22021000,CC Pet 600ml 6 Pack FL,10/11/2024,
f56071 - FD,f17720236,50,f27894900093050,62.99,41.8200000002,22021000,FTA GUA PET 2L 6U FL,10/01/2024,
f55459,f65,50,f7894900031515,11.2,7.359999999999999,22021000,FTA LAR PET 2L,10/11/2024,
f55459 - FD,f6720236,50,f27894900031519,66.5,44.16,22021000,FTA LAR PET 2L,10/11/2024,
f55460,f694,50,f7894900051513,10.99,7.070000000033334,22021000,FTA UVA PET 2L 06un,10/26/2023,
f55460 - FD,f22620234,50,f27894900051517,63.99,42.420000000200005,22021000,FTA UVA PET 2L 06un,10/26/2023,
f55569 - FD,f67202310,50,f27894900701511,199.99,133.07999999999998,22021000,CC Sem Acucar PET 2L 6U FL,10/03/2024,
f55609 - FD,f22620236,20,f27894900015113,85.99,71.32499999999999,22021000,CC LS 12 STD,10/11/2024,
f55934 - FD,f16720234,50,f27894900701603,67.99,45.0600000004,22021000,CC Sem Acucar PET 600ml 6U FL,10/08/2024,
f55935 - FD,f23620230,50,f27894900011603,67.99,45.0600000004,22021000,CC Pet 600ml 6 Pack FL,10/11/2024,
f56071 - FD,f17720236,50,f27894900093050,62.99,41.8200000002,22021000,FTA GUA PET 2L 6U FL,10/01/2024,
f55934 - FD,f16720234,50,f27894900701603,67.99,45.0600000004,22021000,CC Sem Acucar PET 600ml 6U FL,10/08/2024,
f55993 - FD,f23620231,50,f17894900011712,130.2,86.73333333373333,22021000,COCA COLA PET 1L CX C/06,10/11/2024,
f56238,f72350,50,f7894900680508,4.99,3.2216666667,22021000,SPRITE FRESH LIMAO PET 510ml 6U FL,10/11/2024,
f56238 - FD,f16720237,50,f17894900680512,29.2,19.3300000002,22021000,SPRITE FRESH LIMAO PET 510ml 6U FL,10/11/2024,
f56271,f933,50,f7894900681000,10.99,7.359999999999999,22021000,SPRITE ORIGINAL PET 2L 6U FL,10/11/2024,
f56271 - FD,f3720237,50,f17894900681069,66.5,44.16,22021000,SPRITE ORIGINAL PET 2L 6U FL,10/11/2024,
f56366 - FD,f23620233,20,f17894900034216,68.5,45.54000000010001,22021000,FTA LAR PET RET 2L_TRI,10/03/2024,
f56071 - FD,f17720236,50,f27894900093050,62.99,41.8200000002,22021000,FTA GUA PET 2L 6U FL,10/01/2024,
f55993,f2343,50,f7894900011715,8.6,4.81851851854074,22021000,COCA COLA PET 1L CX C/06,10/11/2024,
f55993 - FD,f23620231,50,f17894900011712,130.2,86.73333333373333,22021000,COCA COLA PET 1L CX C/06,10/11/2024,
f55459,f65,50,f7894900031515,11.2,7.359999999999999,22021000,FTA LAR PET 2L,10/11/2024,
f55459 - FD,f6720236,50,f27894900031519,66.5,44.16,22021000,FTA LAR PET 2L,10/11/2024,
f55460,f694,50,f7894900051513,10.99,7.070000000033334,22021000,FTA UVA PET 2L 06un,11/3/2023,
f55460 - FD,f22620234,50,f27894900051517,63.99,42.420000000200005,22021000,FTA UVA PET 2L 06un,11/3/2023,
f55609 - FD,f22620236,20,f27894900015113,85.99,71.32499999999999,22021000,CC LS 12 STD,10/11/2024,
f55935 - FD,f23620230,50,f27894900011603,67.99,45.0600000004,22021000,CC Pet 600ml 6 Pack FL,10/11/2024,
f119531,f189202344,50,f7894900557626,5.99,3.749999999966666,22021000,"DV FRESH UVA PET 1,5L 6UN CP NOVO",11/3/2023,
f119531 - FD,f189202391,50,f17894900557623,33.99,22.4999999998,22021000,"DV FRESH UVA PET 1,5L 6UN CP NOVO",11/3/2023,
f118990 - FD,f4720234,50,f0070847033318,59.99,39.7799999998,22029900,Monster Mango Loco Lata 473ml 06UN CP,10/11/2024,
f55569 - FD,f67202310,50,f27894900701511,199.99,133.07999999999998,22021000,CC Sem Acucar PET 2L 6U FL,10/03/2024,
f56366 - FD,f23620233,20,f17894900034216,68.5,45.54000000010001,22021000,FTA LAR PET RET 2L_TRI,10/03/2024,
f119556,f91120235,50,f7894900509007,4.99,3.150000000033333,22029900,Powerade Maracuja PET 500mL 06 CP,11/9/2023,
f119556 - FD,f91120237,50,f17894900509004,28.5,18.9000000002,22029900,Powerade Maracuja PET 500mL 06 CP,11/9/2023,
f119529,f6990,50,f7894900558111,5.99,3.749999999966666,22021000,"DV FRESH LARANJA PET 1,5L 6P CP NOVO",11/9/2023,
f119529 - FD,f259202310,50,f17894900558118,33.99,22.4999999998,22021000,"DV FRESH LARANJA PET 1,5L 6P CP NOVO",11/9/2023,
f118768 - FD,f20720233,50,f17891098040609,51.5,34.8600000002,22021000,"MATTE LEAO PESSEGO PET 1,5L (6) CP",08/29/2024,
f118463 - FD,f22620230,50,f0070847022503,107.99,71.6899999996,22029900,Monster Energy LT 473ml 6Pack FL CP,10/11/2024,
f55568 - FD,f22620235,20,f17894900014218,211.5,176.1675000016,22021000,CC PET RET 2L 9,10/11/2024,
f55934 - FD,f16720234,50,f27894900701603,67.99,45.0600000004,22021000,CC Sem Acucar PET 600ml 6U FL,10/08/2024,
f55459,f65,50,f7894900031515,11.2,7.359999999999999,22021000,FTA LAR PET 2L,10/11/2024,
f55459 - FD,f6720236,50,f27894900031519,66.5,44.16,22021000,FTA LAR PET 2L,10/11/2024,
f55460,f694,50,f7894900051513,10.99,7.070000000033334,22021000,FTA UVA PET 2L 06un,11/9/2023,
f55460 - FD,f22620234,50,f27894900051517,63.99,42.420000000200005,22021000,FTA UVA PET 2L 06un,11/9/2023,
f55935 - FD,f23620230,50,f27894900011603,67.99,45.0600000004,22021000,CC Pet 600ml 6 Pack FL,10/11/2024,
f55993,f2343,50,f7894900011715,8.6,4.81851851854074,22021000,COCA COLA PET 1L CX C/06,10/11/2024,
f55993 - FD,f23620231,50,f17894900011712,130.2,86.73333333373333,22021000,COCA COLA PET 1L CX C/06,10/11/2024,
f55994,f3686,50,f7894900701715,7.99,5.0600000000000005,22021000,CC Sem Acucar PET 1L 6U FL,11/9/2023,
f55994 - FD,f67202312,50,f17894900701712,83.99,30.360000000000003,22021000,CC Sem Acucar PET 1L 6U FL,11/9/2023,
f56271,f933,50,f7894900681000,10.99,7.359999999999999,22021000,SPRITE ORIGINAL PET 2L 6U FL,10/11/2024,
f56271 - FD,f3720237,50,f17894900681069,66.5,44.16,22021000,SPRITE ORIGINAL PET 2L 6U FL,10/11/2024,
f56298 - FD,f6720238,50,f7894900012217,46.99,31.3299999992,22021000,Coca-Cola PET 200ml 12U MAINLINE,10/11/2024,
f55993 - FD,f23620231,50,f17894900011712,130.2,86.73333333373333,22021000,COCA COLA PET 1L CX C/06,10/11/2024,
f55994,f3686,50,f7894900701715,7.99,5.0600000000000005,22021000,CC Sem Acucar PET 1L 6U FL,11/13/2023,
f55994 - FD,f67202312,50,f17894900701712,83.99,30.360000000000003,22021000,CC Sem Acucar PET 1L 6U FL,11/13/2023,
f56071 - FD,f17720236,50,f27894900093050,62.99,41.8200000002,22021000,FTA GUA PET 2L 6U FL,10/01/2024,
f56271 - FD,f3720237,50,f17894900681069,66.5,44.16,22021000,SPRITE ORIGINAL PET 2L 6U FL,10/11/2024,
f92522 - FD,f27720236,50,f17894900531005,25.5,16.919999999999998,22011000,CRYSTAL 500ML COM GAS 12UN CP,09/16/2024,
f55568 - FD,f22620235,20,f17894900014218,211.5,176.1675000016,22021000,CC PET RET 2L 9,10/11/2024,
f55569 - FD,f67202310,50,f27894900701511,199.99,133.07999999999998,22021000,CC Sem Acucar PET 2L 6U FL,10/03/2024,
f55609 - FD,f22620236,20,f27894900015113,85.99,71.32499999999999,22021000,CC LS 12 STD,10/11/2024,
f56424,f72797,35,f7894900027013,9.98,6.8975608889,22021000,COCA-COLA ORIGINAL PET 2L (6) FL,09/12/2024,
f56424 - FD,f6720239,50,f27894900027017,4655.99,3103.902400005,22021000,COCA-COLA ORIGINAL PET 2L (6) FL,09/12/2024,
f118213 - FD,f1785,50,f17891098037012,67.99,45.095000000800006,22021000,GUA POWER  C/ ACAI  CP300ML CP,10/03/2024,
f118463 - FD,f22620230,50,f0070847022503,107.99,71.6899999996,22029900,Monster Energy LT 473ml 6Pack FL CP,10/11/2024,
f118798 - FD,f29620234,50,f17894900550051,23.99,16.139999999800004,22021000,DV FRUT UVA PET 450ML 6P CP,09/02/2024,
f56287 - FD,f16720238,50,f7894900025026,15.99,10.62,22021000,Coca-Cola Cafe Espresso LT 220ml 6U FI,10/03/2024,
f56298 - FD,f6720238,50,f7894900012217,46.99,31.3299999992,22021000,Coca-Cola PET 200ml 12U MAINLINE,10/11/2024,
f56314,f8055,50,f7894900180541,10.5,6.530000000033334,22021000,"SCHW CITRUS ORIGINAL PET 1,5L 6U FL",10/03/2024,
f56314 - FD,f2011202335,50,f17894900180548,56.5,39.1800000002,22021000,"SCHW CITRUS ORIGINAL PET 1,5L 6U FL",10/03/2024,
f56326 - FD,f23620232,20,f17894900704218,215.5,179.4149999988,22021000,CC Sem Acucar PET RET 2L 09U,10/11/2024,
f56424,f72797,35,f7894900027013,9.98,6.8975608889,22021000,COCA-COLA ORIGINAL PET 2L (6) FL,09/12/2024,
f56443 - FD,f20720230,50,f7894900702217,26.2,17.4,22021000,CC Sem Acucar PET 200ml 12U FI MAIN,10/11/2024,
f92522 - FD,f27720236,50,f17894900531005,25.5,16.919999999999998,22011000,CRYSTAL 500ML COM GAS 12UN CP,09/16/2024,
f56238 - FD,f16720237,50,f17894900680512,29.2,19.3300000002,22021000,SPRITE FRESH LIMAO PET 510ml 6U FL,10/11/2024,
f55994 - FD,f67202312,50,f17894900701712,83.99,55.7350000004,22021000,CC Sem Acucar PET 1L 6U FL,11/20/2023,
f55993 - FD,f23620231,50,f17894900011712,130.2,86.73333333373333,22021000,COCA COLA PET 1L CX C/06,10/11/2024,
f55935 - FD,f23620230,50,f27894900011603,67.99,45.0600000004,22021000,CC Pet 600ml 6 Pack FL,10/11/2024,
f55934 - FD,f16720234,50,f27894900701603,67.99,45.0600000004,22021000,CC Sem Acucar PET 600ml 6U FL,10/08/2024,
f55388 - FD,f27720235,50,f7894900709834,25.5,16.8099999998,22021000,CC Sem Acucar LT 350ml 6U FL,10/01/2024,
f55404 - FD,f4720230,50,f47894900010013,50.5,33.6100000004,22021000,COCA COLA LT12 350ML FL,10/11/2024,
f55459,f65,50,f7894900031515,11.2,7.359999999999999,22021000,FTA LAR PET 2L,10/11/2024,
f55459 - FD,f6720236,50,f27894900031519,66.5,44.16,22021000,FTA LAR PET 2L,10/11/2024,
f55477 - FD,f6720235,50,f27894900911514,54.2,36.0600000002,22021000,KUAT PET 2L 06un,10/11/2024,
f56271 - FD,f3720237,50,f17894900681069,66.5,44.16,22021000,SPRITE ORIGINAL PET 2L 6U FL,10/11/2024,
f119531,f189202344,50,f7894900557626,5.99,3.749999999966666,22021000,"DV FRESH UVA PET 1,5L 6UN CP NOVO",11/20/2023,
f119531 - FD,f189202391,50,f17894900557623,33.99,22.4999999998,22021000,"DV FRESH UVA PET 1,5L 6UN CP NOVO",11/20/2023,
f119529,f6990,50,f7894900558111,5.99,3.749999999966666,22021000,"DV FRESH LARANJA PET 1,5L 6P CP NOVO",11/20/2023,
f119529 - FD,f259202310,50,f17894900558118,33.99,22.4999999998,22021000,"DV FRESH LARANJA PET 1,5L 6P CP NOVO",11/20/2023,
f118990 - FD,f4720234,50,f0070847033318,59.99,39.7799999998,22029900,Monster Mango Loco Lata 473ml 06UN CP,10/11/2024,
f119531,f189202344,50,f7894900557626,5.99,3.749999999966666,22021000,"DV FRESH UVA PET 1,5L 6UN CP NOVO",11/21/2023,
f119531 - FD,f189202391,50,f17894900557623,33.99,22.4999999998,22021000,"DV FRESH UVA PET 1,5L 6UN CP NOVO",11/21/2023,
f119529,f6990,50,f7894900558111,5.99,3.749999999966666,22021000,"DV FRESH LARANJA PET 1,5L 6P CP NOVO",11/21/2023,
f119529 - FD,f259202310,50,f17894900558118,33.99,22.4999999998,22021000,"DV FRESH LARANJA PET 1,5L 6P CP NOVO",11/21/2023,
f118990 - FD,f4720234,50,f0070847033318,59.99,39.7799999998,22029900,Monster Mango Loco Lata 473ml 06UN CP,10/11/2024,
f119529,f6990,50,f7894900558111,5.99,3.749999999966666,22021000,"DV FRESH LARANJA PET 1,5L 6P CP NOVO",11/23/2023,
f119529 - FD,f259202310,50,f17894900558118,33.99,22.4999999998,22021000,"DV FRESH LARANJA PET 1,5L 6P CP NOVO",11/23/2023,
f55569 - FD,f67202310,50,f27894900701511,199.99,133.07999999999998,22021000,CC Sem Acucar PET 2L 6U FL,10/03/2024,
f55707,f63,50,f7894900911602,5.99,3.85,22021000,KUAT PET 600 06un F.Liso,09/02/2024,
f55707 - FD,f67202311,50,f17894900911609,34.99,23.1,22021000,KUAT PET 600 06un F.Liso,09/02/2024,
f56071 - FD,f17720236,50,f27894900093050,62.99,41.8200000002,22021000,FTA GUA PET 2L 6U FL,10/01/2024,
f56366 - FD,f23620233,20,f17894900034216,68.5,45.54000000010001,22021000,FTA LAR PET RET 2L_TRI,10/03/2024,
f56424,f72797,35,f7894900027013,9.98,6.8975608889,22021000,COCA-COLA ORIGINAL PET 2L (6) FL,09/12/2024,
f55459,f65,50,f7894900031515,11.2,7.359999999999999,22021000,FTA LAR PET 2L,10/11/2024,
f55459 - FD,f6720236,50,f27894900031519,66.5,44.16,22021000,FTA LAR PET 2L,10/11/2024,
f55934 - FD,f16720234,50,f27894900701603,67.99,45.0600000004,22021000,CC Sem Acucar PET 600ml 6U FL,10/08/2024,
f55935 - FD,f23620230,50,f27894900011603,67.99,45.0600000004,22021000,CC Pet 600ml 6 Pack FL,10/11/2024,
f55993,f2343,50,f7894900011715,8.6,4.81851851854074,22021000,COCA COLA PET 1L CX C/06,10/11/2024,
f55993 - FD,f23620231,50,f17894900011712,130.2,86.73333333373333,22021000,COCA COLA PET 1L CX C/06,10/11/2024,
f56071 - FD,f17720236,50,f27894900093050,62.99,41.8200000002,22021000,FTA GUA PET 2L 6U FL,10/01/2024,
f119529,f6990,50,f7894900558111,5.99,3.749999999966666,22021000,"DV FRESH LARANJA PET 1,5L 6P CP NOVO",11/30/2023,
f119529 - FD,f259202310,50,f17894900558118,33.99,22.4999999998,22021000,"DV FRESH LARANJA PET 1,5L 6P CP NOVO",11/30/2023,
f118990 - FD,f4720234,50,f0070847033318,59.99,39.7799999998,22029900,Monster Mango Loco Lata 473ml 06UN CP,10/11/2024,
f118463 - FD,f22620230,50,f0070847022503,107.99,71.6899999996,22029900,Monster Energy LT 473ml 6Pack FL CP,10/11/2024,
f56424,f72797,35,f7894900027013,9.98,6.8975608889,22021000,COCA-COLA ORIGINAL PET 2L (6) FL,09/12/2024,
f55459,f65,50,f7894900031515,11.2,7.359999999999999,22021000,FTA LAR PET 2L,10/11/2024,
f55459 - FD,f6720236,50,f27894900031519,66.5,44.16,22021000,FTA LAR PET 2L,10/11/2024,
f55609 - FD,f22620236,20,f27894900015113,85.99,71.32499999999999,22021000,CC LS 12 STD,10/11/2024,
f55935 - FD,f23620230,50,f27894900011603,67.99,45.0600000004,22021000,CC Pet 600ml 6 Pack FL,10/11/2024,
f56271,f933,50,f7894900681000,10.99,7.359999999999999,22021000,SPRITE ORIGINAL PET 2L 6U FL,10/11/2024,
f56271 - FD,f3720237,50,f17894900681069,66.5,44.16,22021000,SPRITE ORIGINAL PET 2L 6U FL,10/11/2024,
f56326 - FD,f23620232,20,f17894900704218,215.5,179.4149999988,22021000,CC Sem Acucar PET RET 2L 09U,10/11/2024,
f118990 - FD,f4720234,50,f0070847033318,59.99,39.7799999998,22029900,Monster Mango Loco Lata 473ml 06UN CP,10/11/2024,
f118463 - FD,f22620230,50,f0070847022503,107.99,71.6899999996,22029900,Monster Energy LT 473ml 6Pack FL CP,10/11/2024,
f56424,f72797,35,f7894900027013,9.98,6.8975608889,22021000,COCA-COLA ORIGINAL PET 2L (6) FL,09/12/2024,
f56424 - FD,f6720239,50,f27894900027017,4655.99,3103.902400005,22021000,COCA-COLA ORIGINAL PET 2L (6) FL,09/12/2024,
f55388 - FD,f27720235,50,f7894900709834,25.5,16.8099999998,22021000,CC Sem Acucar LT 350ml 6U FL,10/01/2024,
f55404 - FD,f4720230,50,f47894900010013,50.5,33.6100000004,22021000,COCA COLA LT12 350ML FL,10/11/2024,
f55569 - FD,f67202310,50,f27894900701511,199.99,133.07999999999998,22021000,CC Sem Acucar PET 2L 6U FL,10/03/2024,
f55934 - FD,f16720234,50,f27894900701603,67.99,45.0600000004,22021000,CC Sem Acucar PET 600ml 6U FL,10/08/2024,
f55935 - FD,f23620230,50,f27894900011603,67.99,45.0600000004,22021000,CC Pet 600ml 6 Pack FL,10/11/2024,
f55993 - FD,f23620231,50,f17894900011712,130.2,86.73333333373333,22021000,COCA COLA PET 1L CX C/06,10/11/2024,
f55994,f3686,50,f7894900701715,7.99,5.060000000033334,22021000,CC Sem Acucar PET 1L 6U FL,12/4/2023,
f55994 - FD,f67202312,50,f17894900701712,83.99,30.360000000200003,22021000,CC Sem Acucar PET 1L 6U FL,12/4/2023,
f56298 - FD,f6720238,50,f7894900012217,46.99,31.3299999992,22021000,Coca-Cola PET 200ml 12U MAINLINE,10/11/2024,
f56312 - FD,f10720236,50,f7894900180510,24.5,16.2599999998,22021000,SCHW CITRUS ORIGINAL LT 350ML 6U FI,10/03/2024,
f56326 - FD,f23620232,20,f17894900704218,215.5,179.4149999988,22021000,CC Sem Acucar PET RET 2L 09U,10/11/2024,
f92527,f4253,50,f7894900530001,1.99,1.3,22011000,CRYSTAL 500ML SEM GAS 12UN CP,09/24/2024,
f92527 - FD,f4122319,50,f17894900530008,22.5,15.6,22011000,CRYSTAL 500ML SEM GAS 12UN CP,09/24/2024,
f55460,f694,50,f7894900051513,10.99,7.069999999966666,22021000,FTA UVA PET 2L 06un,12/11/2023,
f55460 - FD,f22620234,50,f27894900051517,63.99,42.4199999998,22021000,FTA UVA PET 2L 06un,12/11/2023,
f55568 - FD,f22620235,20,f17894900014218,211.5,176.1675000016,22021000,CC PET RET 2L 9,10/11/2024,
f55569 - FD,f67202310,50,f27894900701511,199.99,133.07999999999998,22021000,CC Sem Acucar PET 2L 6U FL,10/03/2024,
f55934 - FD,f16720234,50,f27894900701603,67.99,45.0600000004,22021000,CC Sem Acucar PET 600ml 6U FL,10/08/2024,
f55935 - FD,f23620230,50,f27894900011603,67.99,45.0600000004,22021000,CC Pet 600ml 6 Pack FL,10/11/2024,
f56238 - FD,f16720237,50,f17894900680512,29.2,19.3300000002,22021000,SPRITE FRESH LIMAO PET 510ml 6U FL,10/11/2024,
f56271 - FD,f3720237,50,f17894900681069,66.5,44.16,22021000,SPRITE ORIGINAL PET 2L 6U FL,10/11/2024,
f56312 - FD,f10720236,50,f7894900180510,24.5,16.2599999998,22021000,SCHW CITRUS ORIGINAL LT 350ML 6U FI,10/03/2024,
f139289,f102,50,f7896045512317,4.2,2.69,22030000,KAI PIL LT 12,10/11/2024,
f139289 - FD,f666,50,f7896045500116,484.2,322.8,22030000,KAI PIL LT 12,10/11/2024,
f118198 - FD,f6720237,50,f17894900504009,54.99,36.4399999996,22029900,Powerade Mountain Blast  PT500 06 CP,09/26/2024,
f118463 - FD,f22620230,50,f0070847022503,107.99,71.6899999996,22029900,Monster Energy LT 473ml 6Pack FL CP,10/11/2024,
f55404 - FD,f4720230,50,f47894900010013,50.5,33.6100000004,22021000,COCA COLA LT12 350ML FL,10/11/2024,
f55707,f63,50,f7894900911602,5.99,3.85,22021000,KUAT PET 600 06un F.Liso,09/02/2024,
f55707 - FD,f67202311,50,f17894900911609,34.99,23.1,22021000,KUAT PET 600 06un F.Liso,09/02/2024,
f55934 - FD,f16720234,50,f27894900701603,67.99,45.0600000004,22021000,CC Sem Acucar PET 600ml 6U FL,10/08/2024,
f55935 - FD,f23620230,50,f27894900011603,67.99,45.0600000004,22021000,CC Pet 600ml 6 Pack FL,10/11/2024,
f55993 - FD,f23620231,50,f17894900011712,130.2,86.73333333373333,22021000,COCA COLA PET 1L CX C/06,10/11/2024,
f55994,f3686,50,f7894900701715,7.99,5.060000000033334,22021000,CC Sem Acucar PET 1L 6U FL,12/14/2023,
f55994 - FD,f67202312,50,f17894900701712,83.99,30.360000000200003,22021000,CC Sem Acucar PET 1L 6U FL,12/14/2023,
f56271 - FD,f3720237,50,f17894900681069,66.5,44.16,22021000,SPRITE ORIGINAL PET 2L 6U FL,10/11/2024,
f56366 - FD,f23620233,20,f17894900034216,68.5,45.54000000010001,22021000,FTA LAR PET RET 2L_TRI,10/03/2024,
f56424,f72797,35,f7894900027013,9.98,6.8975608889,22021000,COCA-COLA ORIGINAL PET 2L (6) FL,09/12/2024,
f56424 - FD,f6720239,50,f27894900027017,4655.99,3103.902400005,22021000,COCA-COLA ORIGINAL PET 2L (6) FL,09/12/2024,
f119571,f5012,50,f7894900556063,5.99,4.129999999966667,22021000,DV FRUT LARANJA PET 1.5L 6P CP,10/11/2024,
f119571 - FD,f14122355,50,f17894900556060,37.2,24.7799999998,22021000,DV FRUT LARANJA PET 1.5L 6P CP,10/11/2024,
f119574,f5253,50,f7894900550061,5.99,4.129999999966667,22021000,DV FRUT UVA PET 1.5L 6P CP,10/11/2024,
f119574 - FD,f14122381,50,f17894900550068,37.2,24.7799999998,22021000,DV FRUT UVA PET 1.5L 6P CP,10/11/2024,
f55459,f65,50,f7894900031515,11.2,7.359999999999999,22021000,FTA LAR PET 2L,10/11/2024,
f55459 - FD,f6720236,50,f27894900031519,66.5,44.16,22021000,FTA LAR PET 2L,10/11/2024,
f55460,f694,50,f7894900051513,10.99,7.069999999966666,22021000,FTA UVA PET 2L 06un,12/18/2023,
f55460 - FD,f22620234,50,f27894900051517,63.99,42.4199999998,22021000,FTA UVA PET 2L 06un,12/18/2023,
f55568 - FD,f22620235,20,f17894900014218,211.5,176.1675000016,22021000,CC PET RET 2L 9,10/11/2024,
f55569 - FD,f67202310,50,f27894900701511,199.99,133.07999999999998,22021000,CC Sem Acucar PET 2L 6U FL,10/03/2024,
f55609 - FD,f22620236,20,f27894900015113,85.99,71.32499999999999,22021000,CC LS 12 STD,10/11/2024,
f55934 - FD,f16720234,50,f27894900701603,67.99,45.0600000004,22021000,CC Sem Acucar PET 600ml 6U FL,10/08/2024,
f55935 - FD,f23620230,50,f27894900011603,67.99,45.0600000004,22021000,CC Pet 600ml 6 Pack FL,10/11/2024,
f56298 - FD,f6720238,50,f7894900012217,46.99,31.3299999992,22021000,Coca-Cola PET 200ml 12U MAINLINE,10/11/2024,
f92522 - FD,f27720236,50,f17894900531005,25.5,16.919999999999998,22011000,CRYSTAL 500ML COM GAS 12UN CP,09/16/2024,
f118463 - FD,f22620230,50,f0070847022503,107.99,71.6899999996,22029900,Monster Energy LT 473ml 6Pack FL CP,10/11/2024,
f118759 - FD,f16720233,50,f17891098040562,51.5,34.8599999998,22021000,"MATTE LEAO NATURAL PET 1,5L (6) CP",08/29/2024,
f118990 - FD,f4720234,50,f0070847033318,59.99,39.7799999998,22029900,Monster Mango Loco Lata 473ml 06UN CP,10/11/2024,
f119168,f2004231,50,f7894900660357,9.5,6.239999999966667,22029900,DV Manga 1L (6U) CP,10/08/2024,
f119168 - FD,f21122336,50,f17894900660354,56.2,37.4399999998,22029900,DV Manga 1L (6U) CP,10/08/2024,
f119509,f8122369,50,f7898938890045,9.99,6.629999999966667,22029900,Monster Pipeline Punch LT 473ml 6U FL CP,10/11/2024,
f119509 - FD,f8122398,50,f7898938890052,59.99,39.7799999998,22029900,Monster Pipeline Punch LT 473ml 6U FL CP,10/11/2024,
f56326 - FD,f23620232,20,f17894900704218,215.5,179.4149999988,22021000,CC Sem Acucar PET RET 2L 09U,10/11/2024,
f56366 - FD,f23620233,20,f17894900034216,68.5,45.54000000010001,22021000,FTA LAR PET RET 2L_TRI,10/03/2024,
f56071 - FD,f17720236,50,f27894900093050,62.99,41.8200000002,22021000,FTA GUA PET 2L 6U FL,10/01/2024,
f55404 - FD,f4720230,50,f47894900010013,50.5,33.6100000004,22021000,COCA COLA LT12 350ML FL,10/11/2024,
f55459,f65,50,f7894900031515,11.2,7.359999999999999,22021000,FTA LAR PET 2L,10/11/2024,
f55459 - FD,f6720236,50,f27894900031519,66.5,44.16,22021000,FTA LAR PET 2L,10/11/2024,
f55609 - FD,f22620236,20,f27894900015113,85.99,71.32499999999999,22021000,CC LS 12 STD,10/11/2024,
f55934 - FD,f16720234,50,f27894900701603,67.99,45.0600000004,22021000,CC Sem Acucar PET 600ml 6U FL,10/08/2024,
f55993 - FD,f23620231,50,f17894900011712,130.2,86.73333333373333,22021000,COCA COLA PET 1L CX C/06,10/11/2024,
f55994,f3686,50,f7894900701715,7.99,5.060000000033334,22021000,CC Sem Acucar PET 1L 6U FL,12/21/2023,
f55994 - FD,f67202312,50,f17894900701712,83.99,30.360000000200003,22021000,CC Sem Acucar PET 1L 6U FL,12/21/2023,
f119568,f21122317,50,f7894900666526,5.99,4.129999999966667,22021000,DV FRUT FRUTAS CITRICAS PET 1.5L 6P CP,10/01/2024,
f119568 - FD,f21122397,50,f17894900666523,37.2,24.7799999998,22021000,DV FRUT FRUTAS CITRICAS PET 1.5L 6P CP,10/01/2024,
f56071 - FD,f17720236,50,f27894900093050,62.99,41.8200000002,22021000,FTA GUA PET 2L 6U FL,10/01/2024,
f56298 - FD,f6720238,50,f7894900012217,46.99,31.3299999992,22021000,Coca-Cola PET 200ml 12U MAINLINE,10/11/2024,
f55994,f3686,50,f7894900701715,7.99,5.060000000033334,22021000,CC Sem Acucar PET 1L 6U FL,12/26/2023,
f55994 - FD,f67202312,50,f17894900701712,83.99,30.360000000200003,22021000,CC Sem Acucar PET 1L 6U FL,12/26/2023,
f118198 - FD,f6720237,50,f17894900504009,54.99,36.4399999996,22029900,Powerade Mountain Blast  PT500 06 CP,09/26/2024,
f55460,f694,50,f7894900051513,10.99,7.069999999966666,22021000,FTA UVA PET 2L 06un,12/26/2023,
f55460 - FD,f22620234,50,f27894900051517,63.99,42.4199999998,22021000,FTA UVA PET 2L 06un,12/26/2023,
f55568 - FD,f22620235,20,f17894900014218,211.5,176.1675000016,22021000,CC PET RET 2L 9,10/11/2024,
f55569 - FD,f67202310,50,f27894900701511,199.99,133.07999999999998,22021000,CC Sem Acucar PET 2L 6U FL,10/03/2024,
f55993,f2343,50,f7894900011715,8.6,4.81851851854074,22021000,COCA COLA PET 1L CX C/06,10/11/2024,
f55993 - FD,f23620231,50,f17894900011712,130.2,86.73333333373333,22021000,COCA COLA PET 1L CX C/06,10/11/2024,
f118463 - FD,f22620230,50,f0070847022503,107.99,71.6899999996,22029900,Monster Energy LT 473ml 6Pack FL CP,10/11/2024,
f55286 - FD,f107202310,50,f27894900050015,22.2,15.2999999998,22021000,FANTA UVA LT 06UN FL,10/11/2024,
f55404,f699,50,f7894900010015,4.2,2.800833333366666,22021000,COCA COLA LT12 350ML FL,10/11/2024,
f55404 - FD,f4720230,50,f47894900010013,50.5,33.6100000004,22021000,COCA COLA LT12 350ML FL,10/11/2024,
f55477 - FD,f6720235,50,f27894900911514,54.2,36.0600000002,22021000,KUAT PET 2L 06un,10/11/2024,
f55609 - FD,f22620236,20,f27894900015113,85.99,71.32499999999999,22021000,CC LS 12 STD,10/11/2024,
f55934,f926,50,f7894900701609,6.2,3.755000000033333,22021000,CC Sem Acucar PET 600ml 6U FL,10/08/2024,
f55934 - FD,f16720234,50,f27894900701603,67.99,45.0600000004,22021000,CC Sem Acucar PET 600ml 6U FL,10/08/2024,
f55990 - FD,f3820231,50,f27894900053634,35.2,23.4,22021000,FANTA Uva 600ml 06Pack F.Liso,08/08/2024,
f56366 - FD,f23620233,20,f17894900034216,68.5,45.54000000010001,22021000,FTA LAR PET RET 2L_TRI,10/03/2024,
f56326 - FD,f23620232,20,f17894900704218,215.5,179.4149999988,22021000,CC Sem Acucar PET RET 2L 09U,10/11/2024,
f56312 - FD,f10720236,50,f7894900180510,24.5,16.2599999998,22021000,SCHW CITRUS ORIGINAL LT 350ML 6U FI,10/03/2024,
f56298 - FD,f6720238,50,f7894900012217,46.99,31.3299999992,22021000,Coca-Cola PET 200ml 12U MAINLINE,10/11/2024,
f56271 - FD,f3720237,50,f17894900681069,66.5,44.16,22021000,SPRITE ORIGINAL PET 2L 6U FL,10/11/2024,
f56269 - FD,f10720237,50,f17894900681038,22.2,15.2999999998,22021000,SPRITE ORIGINAL LT 350ml 6U FL,10/03/2024,
f119509 - FD,f8122398,50,f7898938890052,59.99,39.7799999998,22029900,Monster Pipeline Punch LT 473ml 6U FL CP,10/11/2024,
f118990 - FD,f4720234,50,f0070847033318,59.99,39.7799999998,22029900,Monster Mango Loco Lata 473ml 06UN CP,10/11/2024,
f118608,f7198,50,f7891098040909,7.99,5.3,22021000,"ICE TEA PESSEGO  PET 1,5L (6) CP",12/28/2023,
f118608 - FD,f28122349,50,f17891098040906,47.99,31.8,22021000,"ICE TEA PESSEGO  PET 1,5L (6) CP",12/28/2023,
f118602,f28122367,50,f7891098040855,7.99,5.3,22021000,"ICE TEA LIMAO  PET 1,5L (6) CP",12/28/2023,
f118602 - FD,f28122315,50,f17891098040852,47.99,31.8,22021000,"ICE TEA LIMAO  PET 1,5L (6) CP",12/28/2023,
f118463 - FD,f22620230,50,f0070847022503,107.99,71.6899999996,22029900,Monster Energy LT 473ml 6Pack FL CP,10/11/2024,
f56424,f72797,35,f7894900027013,9.98,6.8975608889,22021000,COCA-COLA ORIGINAL PET 2L (6) FL,09/12/2024,
f56424 - FD,f6720239,50,f27894900027017,4655.99,3103.902400005,22021000,COCA-COLA ORIGINAL PET 2L (6) FL,09/12/2024,
f55568 - FD,f22620235,20,f17894900014218,211.5,176.1675000016,22021000,CC PET RET 2L 9,10/11/2024,
f55609 - FD,f22620236,20,f27894900015113,85.99,71.32499999999999,22021000,CC LS 12 STD,10/11/2024,
f55935 - FD,f23620230,50,f27894900011603,67.99,45.0600000004,22021000,CC Pet 600ml 6 Pack FL,10/11/2024,
f55993,f2343,50,f7894900011715,8.6,4.81851851854074,22021000,COCA COLA PET 1L CX C/06,10/11/2024,
f55993 - FD,f23620231,50,f17894900011712,130.2,86.73333333373333,22021000,COCA COLA PET 1L CX C/06,10/11/2024,
f56238 - FD,f16720237,50,f17894900680512,29.2,19.3300000002,22021000,SPRITE FRESH LIMAO PET 510ml 6U FL,10/11/2024,
f56424,f72797,35,f7894900027013,9.98,6.8975608889,22021000,COCA-COLA ORIGINAL PET 2L (6) FL,09/12/2024,
f56424 - FD,f6720239,50,f27894900027017,4655.99,3103.902400005,22021000,COCA-COLA ORIGINAL PET 2L (6) FL,09/12/2024,
f92521,f1759,50,f7894900530032,3.99,2.25,22011000,"CRYSTAL 1,5L SEM GAS 06UN CP",07/29/2024,
f92521 - FD,f41243,50,f17894900530039,81.2,27.0,22011000,"CRYSTAL 1,5L SEM GAS 06UN CP",07/29/2024,
f119123,f412447,50,f7891098041814,4.2,2.720000000033333,22021000,Guarana Power Acai PET 450ml 06U FL CP,08/29/2024,
f119123 - FD,f412472,50,f27891098041818,24.5,16.320000000199997,22021000,Guarana Power Acai PET 450ml 06U FL CP,08/29/2024,
f118759 - FD,f16720233,50,f17891098040562,51.5,34.8599999998,22021000,"MATTE LEAO NATURAL PET 1,5L (6) CP",08/29/2024,
f55404 - FD,f4720230,50,f47894900010013,50.5,33.6100000004,22021000,COCA COLA LT12 350ML FL,10/11/2024,
f55459 - FD,f6720236,50,f27894900031519,66.5,44.16,22021000,FTA LAR PET 2L,10/11/2024,
f55994,f3686,50,f7894900701715,7.99,5.060000000033334,22021000,CC Sem Acucar PET 1L 6U FL,1/4/2024,
f55994 - FD,f67202312,50,f17894900701712,83.99,30.360000000200003,22021000,CC Sem Acucar PET 1L 6U FL,1/4/2024,
f55993 - FD,f23620231,50,f17894900011712,130.2,86.73333333373333,22021000,COCA COLA PET 1L CX C/06,10/11/2024,
f55935 - FD,f23620230,50,f27894900011603,67.99,45.0600000004,22021000,CC Pet 600ml 6 Pack FL,10/11/2024,
f55934 - FD,f16720234,50,f27894900701603,67.99,45.0600000004,22021000,CC Sem Acucar PET 600ml 6U FL,10/08/2024,
f118463 - FD,f22620230,50,f0070847022503,107.99,71.6899999996,22029900,Monster Energy LT 473ml 6Pack FL CP,10/11/2024,
f55568 - FD,f22620235,20,f17894900014218,211.5,176.1675000016,22021000,CC PET RET 2L 9,10/11/2024,
f55609 - FD,f22620236,20,f27894900015113,85.99,71.32499999999999,22021000,CC LS 12 STD,10/11/2024,
f118990 - FD,f4720234,50,f0070847033318,59.99,39.7799999998,22029900,Monster Mango Loco Lata 473ml 06UN CP,10/11/2024,
f55459,f65,50,f7894900031515,11.2,7.359999999999999,22021000,FTA LAR PET 2L,10/11/2024,
f55459 - FD,f6720236,50,f27894900031519,66.5,44.16,22021000,FTA LAR PET 2L,10/11/2024,
f55569 - FD,f67202310,50,f27894900701511,199.99,133.07999999999998,22021000,CC Sem Acucar PET 2L 6U FL,10/03/2024,
f55609 - FD,f22620236,20,f27894900015113,85.99,71.32499999999999,22021000,CC LS 12 STD,10/11/2024,
f55707,f63,50,f7894900911602,5.99,3.85,22021000,KUAT PET 600 06un F.Liso,09/02/2024,
f55707 - FD,f67202311,50,f17894900911609,34.99,23.1,22021000,KUAT PET 600 06un F.Liso,09/02/2024,
f56071 - FD,f17720236,50,f27894900093050,62.99,41.8200000002,22021000,FTA GUA PET 2L 6U FL,10/01/2024,
f56238,f72350,50,f7894900680508,4.99,3.2216666667,22021000,SPRITE FRESH LIMAO PET 510ml 6U FL,10/11/2024,
f56238 - FD,f16720237,50,f17894900680512,29.2,19.3300000002,22021000,SPRITE FRESH LIMAO PET 510ml 6U FL,10/11/2024,
f92521 - FD,f41243,50,f17894900530039,81.2,54.0,22011000,"CRYSTAL 1,5L SEM GAS 06UN CP",07/29/2024,
f56298 - FD,f6720238,50,f7894900012217,46.99,31.3299999992,22021000,Coca-Cola PET 200ml 12U MAINLINE,10/11/2024,
f56271 - FD,f3720237,50,f17894900681069,66.5,44.16,22021000,SPRITE ORIGINAL PET 2L 6U FL,10/11/2024,
f56269 - FD,f10720237,50,f17894900681038,22.2,15.2999999998,22021000,SPRITE ORIGINAL LT 350ml 6U FL,10/03/2024,
f118463 - FD,f22620230,50,f0070847022503,107.99,71.6899999996,22029900,Monster Energy LT 473ml 6Pack FL CP,10/11/2024,
f92581,f936,50,f7894900530056,10.5,6.96,22011000,CRYSTAL 05L C/2 CP,1/15/2024,
f92581 - FD,f1512464,50,f17894900530053,20.99,13.92,22011000,CRYSTAL 05L C/2 CP,1/15/2024,
f55459,f65,50,f7894900031515,11.2,7.359999999999999,22021000,FTA LAR PET 2L,10/11/2024,
f55459 - FD,f6720236,50,f27894900031519,66.5,44.16,22021000,FTA LAR PET 2L,10/11/2024,
f55460,f694,50,f7894900051513,10.99,7.069999999966666,22021000,FTA UVA PET 2L 06un,1/15/2024,
f55460 - FD,f22620234,50,f27894900051517,63.99,42.4199999998,22021000,FTA UVA PET 2L 06un,1/15/2024,
f55568 - FD,f22620235,20,f17894900014218,211.5,176.1675000016,22021000,CC PET RET 2L 9,10/11/2024,
f55934 - FD,f16720234,50,f27894900701603,67.99,45.0600000004,22021000,CC Sem Acucar PET 600ml 6U FL,10/08/2024,
f55993,f2343,50,f7894900011715,8.6,4.81851851854074,22021000,COCA COLA PET 1L CX C/06,10/11/2024,
f55993 - FD,f23620231,50,f17894900011712,130.2,86.73333333373333,22021000,COCA COLA PET 1L CX C/06,10/11/2024,
f56238 - FD,f16720237,50,f17894900680512,29.2,19.3300000002,22021000,SPRITE FRESH LIMAO PET 510ml 6U FL,10/11/2024,
f56271,f933,50,f7894900681000,10.99,7.359999999999999,22021000,SPRITE ORIGINAL PET 2L 6U FL,10/11/2024,
f56271 - FD,f3720237,50,f17894900681069,66.5,44.16,22021000,SPRITE ORIGINAL PET 2L 6U FL,10/11/2024,
f118214,f1664,50,f7891098000682,3.2,1.9999999999666669,22021000,GUARANA POWER CP300ML CP,1/18/2024,
f118214 - FD,f8122363,50,f17891098020687,36.2,23.9999999996,22021000,GUARANA POWER CP300ML CP,1/18/2024,
f55609 - FD,f22620236,20,f27894900015113,85.99,71.32499999999999,22021000,CC LS 12 STD,10/11/2024,
f55934 - FD,f16720234,50,f27894900701603,67.99,45.0600000004,22021000,CC Sem Acucar PET 600ml 6U FL,10/08/2024,
f55993 - FD,f23620231,50,f17894900011712,130.2,86.73333333373333,22021000,COCA COLA PET 1L CX C/06,10/11/2024,
f55994,f3686,50,f7894900701715,7.99,5.060000000033334,22021000,CC Sem Acucar PET 1L 6U FL,1/18/2024,
f55994 - FD,f67202312,50,f17894900701712,83.99,30.360000000200003,22021000,CC Sem Acucar PET 1L 6U FL,1/18/2024,
f56579,f0903231,50,f78938571,2.2,1.35,22021000,Fanta UVA PET 200ml 12U FI MAIN,08/15/2024,
f56579 - FD,f1812461,50,f7894900052213,24.5,16.2,22021000,Fanta UVA PET 200ml 12U FI MAIN,08/15/2024,
f118990 - FD,f4720234,50,f0070847033318,59.99,39.7799999998,22029900,Monster Mango Loco Lata 473ml 06UN CP,10/11/2024,
f118198 - FD,f6720237,50,f17894900504009,54.99,36.4399999996,22029900,Powerade Mountain Blast  PT500 06 CP,09/26/2024,
f118463 - FD,f22620230,50,f0070847022503,107.99,71.6899999996,22029900,Monster Energy LT 473ml 6Pack FL CP,10/11/2024,
f55460,f694,50,f7894900051513,10.99,7.069999999966666,22021000,FTA UVA PET 2L 06un,1/22/2024,
f55460 - FD,f22620234,50,f27894900051517,63.99,42.4199999998,22021000,FTA UVA PET 2L 06un,1/22/2024,
f55568 - FD,f22620235,20,f17894900014218,211.5,176.1675000016,22021000,CC PET RET 2L 9,10/11/2024,
f55569 - FD,f67202310,50,f27894900701511,199.99,133.07999999999998,22021000,CC Sem Acucar PET 2L 6U FL,10/03/2024,
f55935 - FD,f23620230,50,f27894900011603,67.99,45.0600000004,22021000,CC Pet 600ml 6 Pack FL,10/11/2024,
f56271,f933,50,f7894900681000,10.99,7.359999999999999,22021000,SPRITE ORIGINAL PET 2L 6U FL,10/11/2024,
f56271 - FD,f3720237,50,f17894900681069,66.5,44.16,22021000,SPRITE ORIGINAL PET 2L 6U FL,10/11/2024,
f119513 - FD,f28820232,50,f17894900500001,29.2,20.0999999998,22029900,Powerade Limao PET 500ml 06 CP,10/11/2024,
f119514 - FD,f22620233,50,f7894900508024,29.2,20.0999999998,22029900,Powerade Frutas Tropicais PET 500ml 06CP,09/26/2024,
f56424,f72797,35,f7894900027013,9.98,6.8975608889,22021000,COCA-COLA ORIGINAL PET 2L (6) FL,09/12/2024,
f56424 - FD,f6720239,50,f27894900027017,4655.99,3103.902400005,22021000,COCA-COLA ORIGINAL PET 2L (6) FL,09/12/2024,
f55459,f65,50,f7894900031515,11.2,7.359999999999999,22021000,FTA LAR PET 2L,10/11/2024,
f55459 - FD,f6720236,50,f27894900031519,66.5,44.16,22021000,FTA LAR PET 2L,10/11/2024,
f55609 - FD,f22620236,20,f27894900015113,85.99,71.32499999999999,22021000,CC LS 12 STD,10/11/2024,
f55707,f63,50,f7894900911602,5.99,3.85,22021000,KUAT PET 600 06un F.Liso,09/02/2024,
f55707 - FD,f67202311,50,f17894900911609,34.99,23.1,22021000,KUAT PET 600 06un F.Liso,09/02/2024,
f55993,f2343,50,f7894900011715,8.6,4.81851851854074,22021000,COCA COLA PET 1L CX C/06,10/11/2024,
f55993 - FD,f23620231,50,f17894900011712,130.2,86.73333333373333,22021000,COCA COLA PET 1L CX C/06,10/11/2024,
f55994,f3686,50,f7894900701715,7.99,5.060000000033334,22021000,CC Sem Acucar PET 1L 6U FL,1/25/2024,
f55994 - FD,f67202312,50,f17894900701712,83.99,30.360000000200003,22021000,CC Sem Acucar PET 1L 6U FL,1/25/2024,
f56271,f933,50,f7894900681000,10.99,7.359999999999999,22021000,SPRITE ORIGINAL PET 2L 6U FL,10/11/2024,
f56271 - FD,f3720237,50,f17894900681069,66.5,44.16,22021000,SPRITE ORIGINAL PET 2L 6U FL,10/11/2024,
f118990 - FD,f4720234,50,f0070847033318,59.99,39.7799999998,22029900,Monster Mango Loco Lata 473ml 06UN CP,10/11/2024,
f55459,f65,50,f7894900031515,11.2,7.359999999999999,22021000,FTA LAR PET 2L,10/11/2024,
f55459 - FD,f6720236,50,f27894900031519,66.5,44.16,22021000,FTA LAR PET 2L,10/11/2024,
f55935 - FD,f23620230,50,f27894900011603,67.99,45.0600000004,22021000,CC Pet 600ml 6 Pack FL,10/11/2024,
f55993,f2343,50,f7894900011715,8.6,4.81851851854074,22021000,COCA COLA PET 1L CX C/06,10/11/2024,
f55993 - FD,f23620231,50,f17894900011712,130.2,86.73333333373333,22021000,COCA COLA PET 1L CX C/06,10/11/2024,
f56071 - FD,f17720236,50,f27894900093050,62.99,41.8200000002,22021000,FTA GUA PET 2L 6U FL,10/01/2024,
f56312 - FD,f10720236,50,f7894900180510,24.5,16.2599999998,22021000,SCHW CITRUS ORIGINAL LT 350ML 6U FI,10/03/2024,
f141003,f189202337,50,f7895144859934,1.99,1.27,21069050,MENTOS PURE FRUIT 3C 5P CX15 127G,1/29/2024,
f141013,f189202384,50,f7895144852935,1.99,1.27,21069050,MENTOS PF SPEARMINT 3C 5P CX15 127G,1/29/2024,
f118463 - FD,f22620230,50,f0070847022503,107.99,71.6899999996,22029900,Monster Energy LT 473ml 6Pack FL CP,10/11/2024,
f55460,f694,50,f7894900051513,10.99,7.069999999966666,22021000,FTA UVA PET 2L 06un,2/1/2024,
f55460 - FD,f22620234,50,f27894900051517,63.99,42.4199999998,22021000,FTA UVA PET 2L 06un,2/1/2024,
f55568 - FD,f22620235,20,f17894900014218,211.5,176.1675000016,22021000,CC PET RET 2L 9,10/11/2024,
f55569 - FD,f67202310,50,f27894900701511,199.99,133.07999999999998,22021000,CC Sem Acucar PET 2L 6U FL,10/03/2024,
f55609 - FD,f22620236,20,f27894900015113,85.99,71.32499999999999,22021000,CC LS 12 STD,10/11/2024,
f55934 - FD,f16720234,50,f27894900701603,67.99,45.0600000004,22021000,CC Sem Acucar PET 600ml 6U FL,10/08/2024,
f55935 - FD,f23620230,50,f27894900011603,67.99,45.0600000004,22021000,CC Pet 600ml 6 Pack FL,10/11/2024,
f55993,f2343,50,f7894900011715,8.6,4.81851851854074,22021000,COCA COLA PET 1L CX C/06,10/11/2024,
f55993 - FD,f23620231,50,f17894900011712,130.2,86.73333333373333,22021000,COCA COLA PET 1L CX C/06,10/11/2024,
f55994,f3686,50,f7894900701715,7.99,5.060000000033334,22021000,CC Sem Acucar PET 1L 6U FL,2/1/2024,
f55994 - FD,f67202312,50,f17894900701712,83.99,30.360000000200003,22021000,CC Sem Acucar PET 1L 6U FL,2/1/2024,
f56071 - FD,f17720236,50,f27894900093050,62.99,41.8200000002,22021000,FTA GUA PET 2L 6U FL,10/01/2024,
f56298 - FD,f6720238,50,f7894900012217,46.99,31.3299999992,22021000,Coca-Cola PET 200ml 12U MAINLINE,10/11/2024,
f118463 - FD,f22620230,50,f0070847022503,107.99,71.6899999996,22029900,Monster Energy LT 473ml 6Pack FL CP,10/11/2024,
f118990 - FD,f4720234,50,f0070847033318,59.99,39.7799999998,22029900,Monster Mango Loco Lata 473ml 06UN CP,10/11/2024,
f55459,f65,50,f7894900031515,11.2,7.359999999999999,22021000,FTA LAR PET 2L,10/11/2024,
f55459 - FD,f6720236,50,f27894900031519,66.5,44.16,22021000,FTA LAR PET 2L,10/11/2024,
f55460,f694,50,f7894900051513,10.99,7.069999999966666,22021000,FTA UVA PET 2L 06un,2/5/2024,
f55460 - FD,f22620234,50,f27894900051517,63.99,42.4199999998,22021000,FTA UVA PET 2L 06un,2/5/2024,
f55569 - FD,f67202310,50,f27894900701511,199.99,133.07999999999998,22021000,CC Sem Acucar PET 2L 6U FL,10/03/2024,
f55935 - FD,f23620230,50,f27894900011603,67.99,45.0600000004,22021000,CC Pet 600ml 6 Pack FL,10/11/2024,
f55993 - FD,f23620231,50,f17894900011712,130.2,86.73333333373333,22021000,COCA COLA PET 1L CX C/06,10/11/2024,
f56271,f933,50,f7894900681000,10.99,7.359999999999999,22021000,SPRITE ORIGINAL PET 2L 6U FL,10/11/2024,
f56271 - FD,f3720237,50,f17894900681069,66.5,44.16,22021000,SPRITE ORIGINAL PET 2L 6U FL,10/11/2024,
f56312 - FD,f10720236,50,f7894900180510,24.5,16.2599999998,22021000,SCHW CITRUS ORIGINAL LT 350ML 6U FI,10/03/2024,
f92520,f1767,50,f7894900531015,4.35,2.65,22011000,"CRYSTAL 1,5L COM GAS 06UN CP",07/22/2024,
f92520 - FD,f522464,50,f17894900531012,71.99,47.7,22011000,"CRYSTAL 1,5L COM GAS 06UN CP",2/5/2024,
f55459,f65,50,f7894900031515,11.2,7.359999999999999,22021000,FTA LAR PET 2L,10/11/2024,
f55459 - FD,f6720236,50,f27894900031519,66.5,44.16,22021000,FTA LAR PET 2L,10/11/2024,
f55460,f694,50,f7894900051513,10.99,7.069999999966666,22021000,FTA UVA PET 2L 06un,2/8/2024,
f55460 - FD,f22620234,50,f27894900051517,63.99,42.4199999998,22021000,FTA UVA PET 2L 06un,2/8/2024,
f55609 - FD,f22620236,20,f27894900015113,85.99,71.32499999999999,22021000,CC LS 12 STD,10/11/2024,
f55707,f63,50,f7894900911602,5.99,3.85,22021000,KUAT PET 600 06un F.Liso,09/02/2024,
f55707 - FD,f67202311,50,f17894900911609,34.99,23.1,22021000,KUAT PET 600 06un F.Liso,09/02/2024,
f55934 - FD,f16720234,50,f27894900701603,67.99,45.0600000004,22021000,CC Sem Acucar PET 600ml 6U FL,10/08/2024,
f56271,f933,50,f7894900681000,10.99,7.359999999999999,22021000,SPRITE ORIGINAL PET 2L 6U FL,10/11/2024,
f56271 - FD,f3720237,50,f17894900681069,66.5,44.16,22021000,SPRITE ORIGINAL PET 2L 6U FL,10/11/2024,
f118463 - FD,f22620230,50,f0070847022503,107.99,71.6899999996,22029900,Monster Energy LT 473ml 6Pack FL CP,10/11/2024,
f118990 - FD,f4720234,50,f0070847033318,59.99,39.7799999998,22029900,Monster Mango Loco Lata 473ml 06UN CP,10/11/2024,
f118463 - FD,f22620230,50,f0070847022503,107.99,71.6899999996,22029900,Monster Energy LT 473ml 6Pack FL CP,10/11/2024,
f55404 - FD,f4720230,50,f47894900010013,50.5,33.6100000004,22021000,COCA COLA LT12 350ML FL,10/11/2024,
f55568 - FD,f22620235,20,f17894900014218,211.5,176.1675000016,22021000,CC PET RET 2L 9,10/11/2024,
f55569 - FD,f67202310,50,f27894900701511,199.99,133.07999999999998,22021000,CC Sem Acucar PET 2L 6U FL,10/03/2024,
f55934 - FD,f16720234,50,f27894900701603,67.99,45.0600000004,22021000,CC Sem Acucar PET 600ml 6U FL,10/08/2024,
f55993,f2343,50,f7894900011715,8.6,4.81851851854074,22021000,COCA COLA PET 1L CX C/06,10/11/2024,
f55993 - FD,f23620231,50,f17894900011712,130.2,86.73333333373333,22021000,COCA COLA PET 1L CX C/06,10/11/2024,
f55994,f3686,50,f7894900701715,7.99,5.060000000033334,22021000,CC Sem Acucar PET 1L 6U FL,2/12/2024,
f55994 - FD,f67202312,50,f17894900701712,83.99,30.360000000200003,22021000,CC Sem Acucar PET 1L 6U FL,2/12/2024,
f56271,f933,50,f7894900681000,10.99,7.359999999999999,22021000,SPRITE ORIGINAL PET 2L 6U FL,10/11/2024,
f56271 - FD,f3720237,50,f17894900681069,66.5,44.16,22021000,SPRITE ORIGINAL PET 2L 6U FL,10/11/2024,
f56298 - FD,f6720238,50,f7894900012217,46.99,31.3299999992,22021000,Coca-Cola PET 200ml 12U MAINLINE,10/11/2024,
f55286 - FD,f107202310,50,f27894900050015,22.2,15.2999999998,22021000,FANTA UVA LT 06UN FL,10/11/2024,
f55380 - FD,f10720239,50,f7894900300048,23.5,16.2599999998,22021000,SCHW TONICA LT6,10/03/2024,
f55388 - FD,f27720235,50,f7894900709834,25.5,16.8099999998,22021000,CC Sem Acucar LT 350ml 6U FL,10/01/2024,
f55404 - FD,f4720230,50,f47894900010013,50.5,33.6100000004,22021000,COCA COLA LT12 350ML FL,10/11/2024,
f55459,f65,50,f7894900031515,11.2,7.359999999999999,22021000,FTA LAR PET 2L,10/11/2024,
f55459 - FD,f6720236,50,f27894900031519,66.5,44.16,22021000,FTA LAR PET 2L,10/11/2024,
f55460,f694,50,f7894900051513,10.99,7.069999999966666,22021000,FTA UVA PET 2L 06un,2/15/2024,
f55460 - FD,f22620234,50,f27894900051517,63.99,42.4199999998,22021000,FTA UVA PET 2L 06un,2/15/2024,
f55569 - FD,f67202310,50,f27894900701511,199.99,133.07999999999998,22021000,CC Sem Acucar PET 2L 6U FL,10/03/2024,
f55609 - FD,f22620236,20,f27894900015113,85.99,71.32499999999999,22021000,CC LS 12 STD,10/11/2024,
f56074 - FD,f16720235,50,f7894900093063,23.2,15.36,22021000,FTA GUA LT 350ml 6U FI MAINLINE,07/15/2024,
f56269 - FD,f10720237,50,f17894900681038,22.2,15.2999999998,22021000,SPRITE ORIGINAL LT 350ml 6U FL,10/03/2024,
f56271,f933,50,f7894900681000,10.99,7.359999999999999,22021000,SPRITE ORIGINAL PET 2L 6U FL,10/11/2024,
f56271 - FD,f3720237,50,f17894900681069,66.5,44.16,22021000,SPRITE ORIGINAL PET 2L 6U FL,10/11/2024,
f56326 - FD,f23620232,20,f17894900704218,215.5,179.4149999988,22021000,CC Sem Acucar PET RET 2L 09U,10/11/2024,
f118463 - FD,f22620230,50,f0070847022503,107.99,71.6899999996,22029900,Monster Energy LT 473ml 6Pack FL CP,10/11/2024,
f118759 - FD,f16720233,50,f17891098040562,51.5,34.8599999998,22021000,"MATTE LEAO NATURAL PET 1,5L (6) CP",08/29/2024,
f118768 - FD,f20720233,50,f17891098040609,51.5,34.8600000002,22021000,"MATTE LEAO PESSEGO PET 1,5L (6) CP",08/29/2024,
f118463 - FD,f22620230,50,f0070847022503,107.99,71.6899999996,22029900,Monster Energy LT 473ml 6Pack FL CP,10/11/2024,
f118759 - FD,f16720233,50,f17891098040562,51.5,34.8599999998,22021000,"MATTE LEAO NATURAL PET 1,5L (6) CP",08/29/2024,
f118768 - FD,f20720233,50,f17891098040609,51.5,34.8600000002,22021000,"MATTE LEAO PESSEGO PET 1,5L (6) CP",08/29/2024,
f55934 - FD,f16720234,50,f27894900701603,67.99,45.0600000004,22021000,CC Sem Acucar PET 600ml 6U FL,10/08/2024,
f55993,f2343,50,f7894900011715,8.6,4.81851851854074,22021000,COCA COLA PET 1L CX C/06,10/11/2024,
f55993 - FD,f23620231,50,f17894900011712,130.2,86.73333333373333,22021000,COCA COLA PET 1L CX C/06,10/11/2024,
f56238 - FD,f16720237,50,f17894900680512,29.2,19.3300000002,22021000,SPRITE FRESH LIMAO PET 510ml 6U FL,10/11/2024,
f118463 - FD,f22620230,50,f0070847022503,107.99,71.6899999996,22029900,Monster Energy LT 473ml 6Pack FL CP,10/11/2024,
f118990 - FD,f4720234,50,f0070847033318,59.99,39.7799999998,22029900,Monster Mango Loco Lata 473ml 06UN CP,10/11/2024,
f55459,f65,50,f7894900031515,11.2,7.359999999999999,22021000,FTA LAR PET 2L,10/11/2024,
f55459 - FD,f6720236,50,f27894900031519,66.5,44.16,22021000,FTA LAR PET 2L,10/11/2024,
f55609 - FD,f22620236,20,f27894900015113,85.99,71.32499999999999,22021000,CC LS 12 STD,10/11/2024,
f118200 - FD,f29620233,50,f17894900501008,30.2,20.0999999998,22029900,Powerade Uva S.Cap PT500 06 CP,10/03/2024,
f118783 - FD,f22620231,50,f17894900550037,29.99,19.8599999998,22021000,DV FRUT UVA PET 1L 6P CP,2/22/2024,
f118798 - FD,f29620234,50,f17894900550051,23.99,16.139999999800004,22021000,DV FRUT UVA PET 450ML 6P CP,09/02/2024,
f119123 - FD,f412472,50,f27891098041818,24.5,16.320000000199997,22021000,Guarana Power Acai PET 450ml 06U FL CP,08/29/2024,
f56010,f7596,50,f7894900910018,3.99,2.45,22021000,KUAT LATA 350ML CX C/6,08/29/2024,
f56010 - FD,f10720238,50,f27894900910012,21.2,14.7,22021000,KUAT LATA 350ML CX C/6,08/29/2024,
f56071 - FD,f17720236,50,f27894900093050,62.99,41.8200000002,22021000,FTA GUA PET 2L 6U FL,10/01/2024,
f56312 - FD,f10720236,50,f7894900180510,24.5,16.2599999998,22021000,SCHW CITRUS ORIGINAL LT 350ML 6U FI,10/03/2024,
f56326 - FD,f23620232,20,f17894900704218,215.5,179.4149999988,22021000,CC Sem Acucar PET RET 2L 09U,10/11/2024,
f56366 - FD,f23620233,20,f17894900034216,68.5,45.54000000010001,22021000,FTA LAR PET RET 2L_TRI,10/03/2024,
f139474,f0209221,50,f7898367983790,6.5,3.38,22030000,Eisenbahn LT 350ml 12U Pilsen,09/12/2024,
f139474 - FD,f2222478,50,f7898367984018,75.5,40.56,22030000,Eisenbahn LT 350ml 12U Pilsen,09/12/2024,
f118463 - FD,f22620230,50,f0070847022503,107.99,71.6899999996,22029900,Monster Energy LT 473ml 6Pack FL CP,10/11/2024,
f118783 - FD,f22620231,50,f17894900550037,29.99,19.8599999998,22021000,DV FRUT UVA PET 1L 6P CP,2/26/2024,
f118798 - FD,f29620234,50,f17894900550051,23.99,16.139999999800004,22021000,DV FRUT UVA PET 450ML 6P CP,09/02/2024,
f118990 - FD,f4720234,50,f0070847033318,59.99,39.7799999998,22029900,Monster Mango Loco Lata 473ml 06UN CP,10/11/2024,
f55388,f921,50,f7894900700015,4.2,2.8016666666333334,22021000,CC Sem Acucar LT 350ml 6U FL,10/01/2024,
f55388 - FD,f27720235,50,f7894900709834,25.5,16.8099999998,22021000,CC Sem Acucar LT 350ml 6U FL,10/01/2024,
f55404,f699,50,f7894900010015,4.2,2.800833333366666,22021000,COCA COLA LT12 350ML FL,10/11/2024,
f55404 - FD,f4720230,50,f47894900010013,50.5,33.6100000004,22021000,COCA COLA LT12 350ML FL,10/11/2024,
f55993,f2343,50,f7894900011715,8.6,4.81851851854074,22021000,COCA COLA PET 1L CX C/06,10/11/2024,
f55993 - FD,f23620231,50,f17894900011712,130.2,86.73333333373333,22021000,COCA COLA PET 1L CX C/06,10/11/2024,
f56271 - FD,f3720237,50,f17894900681069,66.5,44.16,22021000,SPRITE ORIGINAL PET 2L 6U FL,10/11/2024,
f56298 - FD,f6720238,50,f7894900012217,46.99,31.3299999992,22021000,Coca-Cola PET 200ml 12U MAINLINE,10/11/2024,
f56366 - FD,f23620233,20,f17894900034216,68.5,45.54000000010001,22021000,FTA LAR PET RET 2L_TRI,10/03/2024,
f56424,f72797,35,f7894900027013,9.98,6.8975608889,22021000,COCA-COLA ORIGINAL PET 2L (6) FL,09/12/2024,
f56424 - FD,f6720239,50,f27894900027017,4655.99,3103.902400005,22021000,COCA-COLA ORIGINAL PET 2L (6) FL,09/12/2024,
f118198 - FD,f6720237,50,f17894900504009,54.99,36.4399999996,22029900,Powerade Mountain Blast  PT500 06 CP,09/26/2024,
f118463 - FD,f22620230,50,f0070847022503,107.99,71.6899999996,22029900,Monster Energy LT 473ml 6Pack FL CP,10/11/2024,
f55404,f699,50,f7894900010015,4.2,2.800833333366666,22021000,COCA COLA LT12 350ML FL,10/11/2024,
f55404 - FD,f4720230,50,f47894900010013,50.5,33.6100000004,22021000,COCA COLA LT12 350ML FL,10/11/2024,
f55459,f65,50,f7894900031515,11.2,7.359999999999999,22021000,FTA LAR PET 2L,10/11/2024,
f55459 - FD,f6720236,50,f27894900031519,66.5,44.16,22021000,FTA LAR PET 2L,10/11/2024,
f55568 - FD,f22620235,20,f17894900014218,211.5,176.1675000016,22021000,CC PET RET 2L 9,10/11/2024,
f55569 - FD,f67202310,50,f27894900701511,199.99,133.07999999999998,22021000,CC Sem Acucar PET 2L 6U FL,10/03/2024,
f55609 - FD,f22620236,20,f27894900015113,85.99,71.32499999999999,22021000,CC LS 12 STD,10/11/2024,
f55934,f926,50,f7894900701609,6.2,3.755000000033333,22021000,CC Sem Acucar PET 600ml 6U FL,10/08/2024,
f55934 - FD,f16720234,50,f27894900701603,67.99,45.0600000004,22021000,CC Sem Acucar PET 600ml 6U FL,10/08/2024,
f55935 - FD,f23620230,50,f27894900011603,67.99,45.0600000004,22021000,CC Pet 600ml 6 Pack FL,10/11/2024,
f55993,f2343,50,f7894900011715,8.6,4.81851851854074,22021000,COCA COLA PET 1L CX C/06,10/11/2024,
f55993 - FD,f23620231,50,f17894900011712,130.2,86.73333333373333,22021000,COCA COLA PET 1L CX C/06,10/11/2024,
f55994,f3686,50,f7894900701715,7.99,5.290000000033333,22021000,CC Sem Acucar PET 1L 6U FL,2/29/2024,
f55994 - FD,f67202312,50,f17894900701712,83.99,31.7400000002,22021000,CC Sem Acucar PET 1L 6U FL,2/29/2024,
f56271 - FD,f3720237,50,f17894900681069,66.5,44.16,22021000,SPRITE ORIGINAL PET 2L 6U FL,10/11/2024,
f118759,f7197,50,f7891098040565,8.99,5.809999999966666,22021000,"MATTE LEAO NATURAL PET 1,5L (6) CP",08/29/2024,
f118759 - FD,f16720233,50,f17891098040562,51.5,34.8599999998,22021000,"MATTE LEAO NATURAL PET 1,5L (6) CP",08/29/2024,
f118795 - FD,f4720235,50,f17894900556039,32.99,21.8400000002,22021000,DV FRUT LARANJA PET 1L 6P CP,09/26/2024,
f119513 - FD,f28820232,50,f17894900500001,29.2,20.0999999998,22029900,Powerade Limao PET 500ml 06 CP,10/11/2024,
f119514 - FD,f22620233,50,f7894900508024,29.2,20.0999999998,22029900,Powerade Frutas Tropicais PET 500ml 06CP,09/26/2024,
f118062,f657,50,f7898341430111,10.5,7.29,22029900,D.V Mais Laranja 1Litro 6,09/26/2024,
f118062 - FD,f4720238,50,f17898341431658,65.99,43.74,22029900,D.V Mais Laranja 1Litro 6,09/26/2024,
f118067,f1874,50,f7898341430036,10.5,7.29,22029900,D.V Mais Pessego1Litro 6,10/08/2024,
f118067 - FD,f14820230,50,f17898341431603,65.99,43.74,22029900,D.V Mais Pessego1Litro 6,10/08/2024,
f118463 - FD,f22620230,50,f0070847022503,107.99,71.6899999996,22029900,Monster Energy LT 473ml 6Pack FL CP,10/11/2024,
f55459 - FD,f6720236,50,f27894900031519,66.5,44.16,22021000,FTA LAR PET 2L,10/11/2024,
f55477,f7781,50,f7894900911510,9.2,6.010000000033333,22021000,KUAT PET 2L 06un,10/11/2024,
f55477 - FD,f6720235,50,f27894900911514,54.2,36.0600000002,22021000,KUAT PET 2L 06un,10/11/2024,
f55707,f63,50,f7894900911602,5.99,3.85,22021000,KUAT PET 600 06un F.Liso,09/02/2024,
f55707 - FD,f67202311,50,f17894900911609,34.99,23.1,22021000,KUAT PET 600 06un F.Liso,09/02/2024,
f55935 - FD,f23620230,50,f27894900011603,67.99,45.0600000004,22021000,CC Pet 600ml 6 Pack FL,10/11/2024,
f55993,f2343,50,f7894900011715,8.6,4.81851851854074,22021000,COCA COLA PET 1L CX C/06,10/11/2024,
f55993 - FD,f23620231,50,f17894900011712,130.2,86.73333333373333,22021000,COCA COLA PET 1L CX C/06,10/11/2024,
f56008 - FD,f67202313,50,f27894900030017,22.2,15.2999999998,22021000,FANTA LAR LATA 350ML CX C/06,10/03/2024,
f56287 - FD,f16720238,50,f7894900025026,15.99,10.62,22021000,Coca-Cola Cafe Espresso LT 220ml 6U FI,10/03/2024,
f56312 - FD,f10720236,50,f7894900180510,24.5,16.2599999998,22021000,SCHW CITRUS ORIGINAL LT 350ML 6U FI,10/03/2024,
f118759,f7197,50,f7891098040565,8.99,5.809999999966666,22021000,"MATTE LEAO NATURAL PET 1,5L (6) CP",08/29/2024,
f118759 - FD,f16720233,50,f17891098040562,51.5,34.8599999998,22021000,"MATTE LEAO NATURAL PET 1,5L (6) CP",08/29/2024,
f118765,f228844,50,f7891098040589,8.99,5.810000000033333,22021000,"MATTE LEAO LIMAO PET 1,5L (6) CP",10/11/2024,
f118765 - FD,f4720236,50,f17891098040586,51.5,34.8600000002,22021000,"MATTE LEAO LIMAO PET 1,5L (6) CP",10/11/2024,
f118768,f6557,50,f7891098040602,8.99,5.810000000033333,22021000,"MATTE LEAO PESSEGO PET 1,5L (6) CP",08/29/2024,
f118768 - FD,f20720233,50,f17891098040609,51.5,34.8600000002,22021000,"MATTE LEAO PESSEGO PET 1,5L (6) CP",08/29/2024,
f118990 - FD,f4720234,50,f0070847033318,59.99,39.7799999998,22029900,Monster Mango Loco Lata 473ml 06UN CP,10/11/2024,
f118463 - FD,f22620230,50,f0070847022503,107.99,71.6899999996,22029900,Monster Energy LT 473ml 6Pack FL CP,10/11/2024,
f118795 - FD,f4720235,50,f17894900556039,32.99,21.8400000002,22021000,DV FRUT LARANJA PET 1L 6P CP,09/26/2024,
f118990 - FD,f4720234,50,f0070847033318,59.99,39.7799999998,22029900,Monster Mango Loco Lata 473ml 06UN CP,10/11/2024,
f119135 - FD,f10720230,50,f17894900666509,23.99,15.8399999998,22021000,DV FRUT FRUTAS CITRICAS PET 450ML 6P CP,3/7/2024,
f55460,f694,50,f7894900051513,11.2,7.361666666633333,22021000,FTA UVA PET 2L 06un,3/7/2024,
f55460 - FD,f22620234,50,f27894900051517,66.5,44.1699999998,22021000,FTA UVA PET 2L 06un,3/7/2024,
f55568 - FD,f22620235,20,f17894900014218,211.5,176.1675000016,22021000,CC PET RET 2L 9,10/11/2024,
f55609 - FD,f22620236,20,f27894900015113,85.99,71.32499999999999,22021000,CC LS 12 STD,10/11/2024,
f55935,f924,50,f7894900011609,6.2,3.755000000033333,22021000,CC Pet 600ml 6 Pack FL,10/11/2024,
f55935 - FD,f23620230,50,f27894900011603,67.99,45.0600000004,22021000,CC Pet 600ml 6 Pack FL,10/11/2024,
f55993,f2343,50,f7894900011715,8.6,4.81851851854074,22021000,COCA COLA PET 1L CX C/06,10/11/2024,
f55993 - FD,f23620231,50,f17894900011712,130.2,86.73333333373333,22021000,COCA COLA PET 1L CX C/06,10/11/2024,
f55994,f3686,50,f7894900701715,7.99,5.290000000033333,22021000,CC Sem Acucar PET 1L 6U FL,3/7/2024,
f55994 - FD,f67202312,50,f17894900701712,83.99,31.7400000002,22021000,CC Sem Acucar PET 1L 6U FL,3/7/2024,
f56271,f933,50,f7894900681000,10.99,7.359999999999999,22021000,SPRITE ORIGINAL PET 2L 6U FL,10/11/2024,
f56271 - FD,f3720237,50,f17894900681069,66.5,44.16,22021000,SPRITE ORIGINAL PET 2L 6U FL,10/11/2024,
f118461 - FD,f16720232,50,f0070847022220,59.99,39.7799999998,22029900,Monster Ultra LT 473ml 6Pack FL CP,09/24/2024,
f118463 - FD,f22620230,50,f0070847022503,107.99,71.6899999996,22029900,Monster Energy LT 473ml 6Pack FL CP,10/11/2024,
f55404,f699,50,f7894900010015,4.2,2.800833333366666,22021000,COCA COLA LT12 350ML FL,10/11/2024,
f55404 - FD,f4720230,50,f47894900010013,50.5,33.6100000004,22021000,COCA COLA LT12 350ML FL,10/11/2024,
f55459,f65,50,f7894900031515,11.2,7.359999999999999,22021000,FTA LAR PET 2L,10/11/2024,
f55459 - FD,f6720236,50,f27894900031519,66.5,44.16,22021000,FTA LAR PET 2L,10/11/2024,
f55569 - FD,f67202310,50,f27894900701511,199.99,133.07999999999998,22021000,CC Sem Acucar PET 2L 6U FL,10/03/2024,
f55934,f926,50,f7894900701609,6.2,3.755000000033333,22021000,CC Sem Acucar PET 600ml 6U FL,10/08/2024,
f55934 - FD,f16720234,50,f27894900701603,67.99,45.0600000004,22021000,CC Sem Acucar PET 600ml 6U FL,10/08/2024,
f55935,f924,50,f7894900011609,6.2,3.755000000033333,22021000,CC Pet 600ml 6 Pack FL,10/11/2024,
f55935 - FD,f23620230,50,f27894900011603,67.99,45.0600000004,22021000,CC Pet 600ml 6 Pack FL,10/11/2024,
f56238 - FD,f16720237,50,f17894900680512,29.2,19.3300000002,22021000,SPRITE FRESH LIMAO PET 510ml 6U FL,10/11/2024,
f118765,f228844,50,f7891098040589,8.99,5.810000000033333,22021000,"MATTE LEAO LIMAO PET 1,5L (6) CP",10/11/2024,
f118765 - FD,f4720236,50,f17891098040586,51.5,34.8600000002,22021000,"MATTE LEAO LIMAO PET 1,5L (6) CP",10/11/2024,
f118768,f6557,50,f7891098040602,8.99,5.810000000033333,22021000,"MATTE LEAO PESSEGO PET 1,5L (6) CP",08/29/2024,
f118768 - FD,f20720233,50,f17891098040609,51.5,34.8600000002,22021000,"MATTE LEAO PESSEGO PET 1,5L (6) CP",08/29/2024,
f119135 - FD,f10720230,50,f17894900666509,23.99,15.8399999998,22021000,DV FRUT FRUTAS CITRICAS PET 450ML 6P CP,3/11/2024,
f119509 - FD,f8122398,50,f7898938890052,59.99,39.7799999998,22029900,Monster Pipeline Punch LT 473ml 6U FL CP,10/11/2024,
f119555 - FD,f219202387,50,f17894900502043,30.2,20.0999999998,22029900,Powerade Tangerina PET 500mL 06 CP,09/05/2024,
f119512 - FD,f27720233,50,f17894900503002,30.2,20.0999999998,22029900,Powerade Laranja PET 500ml 06 CP,09/26/2024,
f118062,f657,50,f7898341430111,10.5,7.29,22029900,D.V Mais Laranja 1Litro 6,09/26/2024,
f118062 - FD,f4720238,50,f17898341431658,65.99,43.74,22029900,D.V Mais Laranja 1Litro 6,09/26/2024,
f118198 - FD,f6720237,50,f17894900504009,54.99,36.4399999996,22029900,Powerade Mountain Blast  PT500 06 CP,09/26/2024,
f118759,f7197,50,f7891098040565,8.99,5.809999999966666,22021000,"MATTE LEAO NATURAL PET 1,5L (6) CP",08/29/2024,
f118759 - FD,f16720233,50,f17891098040562,51.5,34.8599999998,22021000,"MATTE LEAO NATURAL PET 1,5L (6) CP",08/29/2024,
f118783 - FD,f22620231,50,f17894900550037,29.99,19.8599999998,22021000,DV FRUT UVA PET 1L 6P CP,3/14/2024,
f119123,f412447,50,f7891098041814,4.2,2.720000000033333,22021000,Guarana Power Acai PET 450ml 06U FL CP,08/29/2024,
f55569 - FD,f67202310,50,f27894900701511,199.99,133.07999999999998,22021000,CC Sem Acucar PET 2L 6U FL,10/03/2024,
f55286 - FD,f107202310,50,f27894900050015,22.2,15.2999999998,22021000,FANTA UVA LT 06UN FL,10/11/2024,
f55609 - FD,f22620236,20,f27894900015113,85.99,71.32499999999999,22021000,CC LS 12 STD,10/11/2024,
f55822,f1432460,50,f7894900029406,4.5,2.900000000033333,22021000,COCA-COLA SA K-Wave LT 310ML 6,3/14/2024,
f55822 - FD,f1432457,50,f17894900029403,26.2,17.4000000002,22021000,COCA-COLA SA K-Wave LT 310ML 6,3/14/2024,
f55934,f926,50,f7894900701609,6.2,3.755000000033333,22021000,CC Sem Acucar PET 600ml 6U FL,10/08/2024,
f55934 - FD,f16720234,50,f27894900701603,67.99,45.0600000004,22021000,CC Sem Acucar PET 600ml 6U FL,10/08/2024,
f55993,f2343,50,f7894900011715,8.6,4.81851851854074,22021000,COCA COLA PET 1L CX C/06,10/11/2024,
f55993 - FD,f23620231,50,f17894900011712,130.2,86.73333333373333,22021000,COCA COLA PET 1L CX C/06,10/11/2024,
f55994,f3686,50,f7894900701715,7.99,5.290000000033333,22021000,CC Sem Acucar PET 1L 6U FL,3/14/2024,
f55994 - FD,f67202312,50,f17894900701712,83.99,31.7400000002,22021000,CC Sem Acucar PET 1L 6U FL,3/14/2024,
f56010,f7596,50,f7894900910018,3.99,2.45,22021000,KUAT LATA 350ML CX C/6,08/29/2024,
f56010 - FD,f10720238,50,f27894900910012,21.2,14.7,22021000,KUAT LATA 350ML CX C/6,08/29/2024,
f56238 - FD,f16720237,50,f17894900680512,29.2,19.3300000002,22021000,SPRITE FRESH LIMAO PET 510ml 6U FL,10/11/2024,
f56269 - FD,f10720237,50,f17894900681038,22.2,15.2999999998,22021000,SPRITE ORIGINAL LT 350ml 6U FL,10/03/2024,
f56271 - FD,f3720237,50,f17894900681069,66.5,44.16,22021000,SPRITE ORIGINAL PET 2L 6U FL,10/11/2024,
f56287 - FD,f16720238,50,f7894900025026,15.99,10.62,22021000,Coca-Cola Cafe Espresso LT 220ml 6U FI,10/03/2024,
f55388,f921,50,f7894900700015,4.2,2.8016666666333334,22021000,CC Sem Acucar LT 350ml 6U FL,10/01/2024,
f55388 - FD,f27720235,50,f7894900709834,25.5,16.8099999998,22021000,CC Sem Acucar LT 350ml 6U FL,10/01/2024,
f55459,f65,50,f7894900031515,11.2,7.359999999999999,22021000,FTA LAR PET 2L,10/11/2024,
f55459 - FD,f6720236,50,f27894900031519,66.5,44.16,22021000,FTA LAR PET 2L,10/11/2024,
f55477 - FD,f6720235,50,f27894900911514,54.2,36.0600000002,22021000,KUAT PET 2L 06un,10/11/2024,
f55934 - FD,f16720234,50,f27894900701603,67.99,45.0600000004,22021000,CC Sem Acucar PET 600ml 6U FL,10/08/2024,
f55935 - FD,f23620230,50,f27894900011603,67.99,45.0600000004,22021000,CC Pet 600ml 6 Pack FL,10/11/2024,
f56008 - FD,f67202313,50,f27894900030017,22.2,15.2999999998,22021000,FANTA LAR LATA 350ML CX C/06,10/03/2024,
f56010,f7596,50,f7894900910018,3.99,2.45,22021000,KUAT LATA 350ML CX C/6,08/29/2024,
f56010 - FD,f10720238,50,f27894900910012,21.2,14.7,22021000,KUAT LATA 350ML CX C/6,08/29/2024,
f56238 - FD,f16720237,50,f17894900680512,29.2,19.3300000002,22021000,SPRITE FRESH LIMAO PET 510ml 6U FL,10/11/2024,
f56269 - FD,f10720237,50,f17894900681038,22.2,15.2999999998,22021000,SPRITE ORIGINAL LT 350ml 6U FL,10/03/2024,
f56759,f1190,50,f7894900091014,11.2,7.361666666633333,22021000,FANTA MARACUJA GAR PET 2L 6 FL,3/18/2024,
f56759 - FD,f1832437,50,f17894900091011,66.5,44.1699999998,22021000,FANTA MARACUJA GAR PET 2L 6 FL,3/18/2024,
f92521,f1759,50,f7894900530032,3.99,2.5,22011000,"CRYSTAL 1,5L SEM GAS 06UN CP",07/29/2024,
f92521 - FD,f41243,50,f17894900530039,81.2,30.0,22011000,"CRYSTAL 1,5L SEM GAS 06UN CP",07/29/2024,
f119555 - FD,f219202387,50,f17894900502043,30.2,20.0999999998,22029900,Powerade Tangerina PET 500mL 06 CP,09/05/2024,
f119530,f7106,50,f7894900558623,5.99,4.129999999966667,22021000,"DV FRESH LIMAO PET 1,5L 6P CP NOVO",10/01/2024,
f119530 - FD,f259202393,50,f17894900558620,37.2,24.7799999998,22021000,"DV FRESH LIMAO PET 1,5L 6P CP NOVO",10/01/2024,
f119513 - FD,f28820232,50,f17894900500001,29.2,20.0999999998,22029900,Powerade Limao PET 500ml 06 CP,10/11/2024,
f119512 - FD,f27720233,50,f17894900503002,30.2,20.0999999998,22029900,Powerade Laranja PET 500ml 06 CP,09/26/2024,
f118990 - FD,f4720234,50,f0070847033318,59.99,39.7799999998,22029900,Monster Mango Loco Lata 473ml 06UN CP,10/11/2024,
f118783 - FD,f22620231,50,f17894900550037,29.99,19.8599999998,22021000,DV FRUT UVA PET 1L 6P CP,3/18/2024,
f118765,f228844,50,f7891098040589,8.99,5.810000000033333,22021000,"MATTE LEAO LIMAO PET 1,5L (6) CP",10/11/2024,
f118765 - FD,f4720236,50,f17891098040586,51.5,34.8600000002,22021000,"MATTE LEAO LIMAO PET 1,5L (6) CP",10/11/2024,
f118759,f7197,50,f7891098040565,8.99,5.809999999966666,22021000,"MATTE LEAO NATURAL PET 1,5L (6) CP",08/29/2024,
f118759 - FD,f16720233,50,f17891098040562,51.5,34.8599999998,22021000,"MATTE LEAO NATURAL PET 1,5L (6) CP",08/29/2024,
f118463 - FD,f22620230,50,f0070847022503,107.99,71.6899999996,22029900,Monster Energy LT 473ml 6Pack FL CP,10/11/2024,
f118463 - FD,f22620230,50,f0070847022503,107.99,71.6899999996,22029900,Monster Energy LT 473ml 6Pack FL CP,10/11/2024,
f118765,f228844,50,f7891098040589,8.99,5.810000000033333,22021000,"MATTE LEAO LIMAO PET 1,5L (6) CP",10/11/2024,
f118765 - FD,f4720236,50,f17891098040586,51.5,34.8600000002,22021000,"MATTE LEAO LIMAO PET 1,5L (6) CP",10/11/2024,
f55404,f699,50,f7894900010015,4.2,2.800833333366666,22021000,COCA COLA LT12 350ML FL,10/11/2024,
f55404 - FD,f4720230,50,f47894900010013,50.5,33.6100000004,22021000,COCA COLA LT12 350ML FL,10/11/2024,
f55459,f65,50,f7894900031515,11.2,7.359999999999999,22021000,FTA LAR PET 2L,10/11/2024,
f55459 - FD,f6720236,50,f27894900031519,66.5,44.16,22021000,FTA LAR PET 2L,10/11/2024,
f55460,f694,50,f7894900051513,11.2,7.361666666633333,22021000,FTA UVA PET 2L 06un,3/21/2024,
f55460 - FD,f22620234,50,f27894900051517,66.5,44.1699999998,22021000,FTA UVA PET 2L 06un,3/21/2024,
f55477 - FD,f6720235,50,f27894900911514,54.2,36.0600000002,22021000,KUAT PET 2L 06un,10/11/2024,
f55609 - FD,f22620236,20,f27894900015113,85.99,71.32499999999999,22021000,CC LS 12 STD,10/11/2024,
f55993,f2343,50,f7894900011715,8.6,4.81851851854074,22021000,COCA COLA PET 1L CX C/06,10/11/2024,
f55993 - FD,f23620231,50,f17894900011712,130.2,86.73333333373333,22021000,COCA COLA PET 1L CX C/06,10/11/2024,
f55994,f3686,50,f7894900701715,7.99,5.290000000033333,22021000,CC Sem Acucar PET 1L 6U FL,3/21/2024,
f55994 - FD,f67202312,50,f17894900701712,83.99,31.7400000002,22021000,CC Sem Acucar PET 1L 6U FL,3/21/2024,
f56366 - FD,f23620233,20,f17894900034216,68.5,45.54000000010001,22021000,FTA LAR PET RET 2L_TRI,10/03/2024,
f118768,f6557,50,f7891098040602,8.99,5.810000000033333,22021000,"MATTE LEAO PESSEGO PET 1,5L (6) CP",08/29/2024,
f118768 - FD,f20720233,50,f17891098040609,51.5,34.8600000002,22021000,"MATTE LEAO PESSEGO PET 1,5L (6) CP",08/29/2024,
f118795 - FD,f4720235,50,f17894900556039,32.99,21.8400000002,22021000,DV FRUT LARANJA PET 1L 6P CP,09/26/2024,
f118198 - FD,f6720237,50,f17894900504009,54.99,36.4399999996,22029900,Powerade Mountain Blast  PT500 06 CP,09/26/2024,
f118759,f7197,50,f7891098040565,8.99,5.809999999966666,22021000,"MATTE LEAO NATURAL PET 1,5L (6) CP",08/29/2024,
f118759 - FD,f16720233,50,f17891098040562,51.5,34.8599999998,22021000,"MATTE LEAO NATURAL PET 1,5L (6) CP",08/29/2024,
f118768,f6557,50,f7891098040602,8.99,5.810000000033333,22021000,"MATTE LEAO PESSEGO PET 1,5L (6) CP",08/29/2024,
f118768 - FD,f20720233,50,f17891098040609,51.5,34.8600000002,22021000,"MATTE LEAO PESSEGO PET 1,5L (6) CP",08/29/2024,
f118783 - FD,f22620231,50,f17894900550037,29.99,19.8599999998,22021000,DV FRUT UVA PET 1L 6P CP,3/25/2024,
f119123,f412447,50,f7891098041814,4.2,2.720000000033333,22021000,Guarana Power Acai PET 450ml 06U FL CP,08/29/2024,
f55286 - FD,f107202310,50,f27894900050015,22.2,15.2999999998,22021000,FANTA UVA LT 06UN FL,10/11/2024,
f55609 - FD,f22620236,20,f27894900015113,85.99,71.32499999999999,22021000,CC LS 12 STD,10/11/2024,
f55935 - FD,f23620230,50,f27894900011603,67.99,45.0600000004,22021000,CC Pet 600ml 6 Pack FL,10/11/2024,
f55994,f3686,50,f7894900701715,7.99,5.290000000033333,22021000,CC Sem Acucar PET 1L 6U FL,3/25/2024,
f55994 - FD,f67202312,50,f17894900701712,83.99,31.7400000002,22021000,CC Sem Acucar PET 1L 6U FL,3/25/2024,
f56238 - FD,f16720237,50,f17894900680512,29.2,19.3300000002,22021000,SPRITE FRESH LIMAO PET 510ml 6U FL,10/11/2024,
f119514 - FD,f22620233,50,f7894900508024,29.2,20.0999999998,22029900,Powerade Frutas Tropicais PET 500ml 06CP,09/26/2024,
f56424,f72797,35,f7894900027013,9.98,6.8975608889,22021000,COCA-COLA ORIGINAL PET 2L (6) FL,09/12/2024,
f56326 - FD,f23620232,20,f17894900704218,215.5,179.4149999988,22021000,CC Sem Acucar PET RET 2L 09U,10/11/2024,
f56298 - FD,f6720238,50,f7894900012217,46.99,31.3299999992,22021000,Coca-Cola PET 200ml 12U MAINLINE,10/11/2024,
f119530,f7106,50,f7894900558623,5.99,4.129999999966667,22021000,"DV FRESH LIMAO PET 1,5L 6P CP NOVO",10/01/2024,
f119530 - FD,f259202393,50,f17894900558620,37.2,24.7799999998,22021000,"DV FRESH LIMAO PET 1,5L 6P CP NOVO",10/01/2024,
f118768,f6557,50,f7891098040602,8.99,5.810000000033333,22021000,"MATTE LEAO PESSEGO PET 1,5L (6) CP",08/29/2024,
f118768 - FD,f20720233,50,f17891098040609,51.5,34.8600000002,22021000,"MATTE LEAO PESSEGO PET 1,5L (6) CP",08/29/2024,
f118765,f228844,50,f7891098040589,8.99,5.810000000033333,22021000,"MATTE LEAO LIMAO PET 1,5L (6) CP",10/11/2024,
f118765 - FD,f4720236,50,f17891098040586,51.5,34.8600000002,22021000,"MATTE LEAO LIMAO PET 1,5L (6) CP",10/11/2024,
f118759,f7197,50,f7891098040565,8.99,5.809999999966666,22021000,"MATTE LEAO NATURAL PET 1,5L (6) CP",08/29/2024,
f118759 - FD,f16720233,50,f17891098040562,51.5,34.8599999998,22021000,"MATTE LEAO NATURAL PET 1,5L (6) CP",08/29/2024,
f118463 - FD,f22620230,50,f0070847022503,107.99,71.6899999996,22029900,Monster Energy LT 473ml 6Pack FL CP,10/11/2024,
f118200 - FD,f29620233,50,f17894900501008,30.2,20.0999999998,22029900,Powerade Uva S.Cap PT500 06 CP,10/03/2024,
f55286 - FD,f107202310,50,f27894900050015,22.2,15.2999999998,22021000,FANTA UVA LT 06UN FL,10/11/2024,
f55380 - FD,f10720239,50,f7894900300048,23.5,16.2599999998,22021000,SCHW TONICA LT6,10/03/2024,
f55388,f921,50,f7894900700015,4.2,2.8016666666333334,22021000,CC Sem Acucar LT 350ml 6U FL,10/01/2024,
f55388 - FD,f27720235,50,f7894900709834,25.5,16.8099999998,22021000,CC Sem Acucar LT 350ml 6U FL,10/01/2024,
f55404,f699,50,f7894900010015,4.2,2.800833333366666,22021000,COCA COLA LT12 350ML FL,10/11/2024,
f55404 - FD,f4720230,50,f47894900010013,50.5,33.6100000004,22021000,COCA COLA LT12 350ML FL,10/11/2024,
f55459 - FD,f6720236,50,f27894900031519,66.5,44.16,22021000,FTA LAR PET 2L,10/11/2024,
f55477 - FD,f6720235,50,f27894900911514,54.2,36.0600000002,22021000,KUAT PET 2L 06un,10/11/2024,
f55569 - FD,f67202310,50,f27894900701511,199.99,133.07999999999998,22021000,CC Sem Acucar PET 2L 6U FL,10/03/2024,
f55935 - FD,f23620230,50,f27894900011603,67.99,45.0600000004,22021000,CC Pet 600ml 6 Pack FL,10/11/2024,
f55993 - FD,f23620231,50,f17894900011712,130.2,86.73333333373333,22021000,COCA COLA PET 1L CX C/06,10/11/2024,
f56271 - FD,f3720237,50,f17894900681069,66.5,44.16,22021000,SPRITE ORIGINAL PET 2L 6U FL,10/11/2024,
f56008 - FD,f67202313,50,f27894900030017,22.2,15.2999999998,22021000,FANTA LAR LATA 350ML CX C/06,10/03/2024,
f118955 - FD,f28820231,50,f17894900556053,23.99,15.8399999998,22021000,DV FRUT LARANJA PET 450ML 6P CP,07/29/2024,
f55404,f699,50,f7894900010015,4.2,2.800833333366666,22021000,COCA COLA LT12 350ML FL,10/11/2024,
f55404 - FD,f4720230,50,f47894900010013,50.5,33.6100000004,22021000,COCA COLA LT12 350ML FL,10/11/2024,
f55609 - FD,f22620236,20,f27894900015113,85.99,71.32499999999999,22021000,CC LS 12 STD,10/11/2024,
f55934,f926,50,f7894900701609,6.2,3.755000000033333,22021000,CC Sem Acucar PET 600ml 6U FL,10/08/2024,
f55934 - FD,f16720234,50,f27894900701603,67.99,45.0600000004,22021000,CC Sem Acucar PET 600ml 6U FL,10/08/2024,
f55935,f924,50,f7894900011609,6.2,3.755000000033333,22021000,CC Pet 600ml 6 Pack FL,10/11/2024,
f55935 - FD,f23620230,50,f27894900011603,67.99,45.0600000004,22021000,CC Pet 600ml 6 Pack FL,10/11/2024,
f56287 - FD,f16720238,50,f7894900025026,15.99,10.62,22021000,Coca-Cola Cafe Espresso LT 220ml 6U FI,10/03/2024,
f56366 - FD,f23620233,20,f17894900034216,68.5,45.54000000010001,22021000,FTA LAR PET RET 2L_TRI,10/03/2024,
f56424,f72797,35,f7894900027013,9.98,6.8975608889,22021000,COCA-COLA ORIGINAL PET 2L (6) FL,09/12/2024,
f119530,f7106,50,f7894900558623,5.99,4.129999999966667,22021000,"DV FRESH LIMAO PET 1,5L 6P CP NOVO",10/01/2024,
f119530 - FD,f259202393,50,f17894900558620,37.2,24.7799999998,22021000,"DV FRESH LIMAO PET 1,5L 6P CP NOVO",10/01/2024,
f119514 - FD,f22620233,50,f7894900508024,29.2,20.0999999998,22029900,Powerade Frutas Tropicais PET 500ml 06CP,09/26/2024,
f119513 - FD,f28820232,50,f17894900500001,29.2,20.0999999998,22029900,Powerade Limao PET 500ml 06 CP,10/11/2024,
f119509,f8122369,50,f7898938890045,9.99,6.629999999966667,22029900,Monster Pipeline Punch LT 473ml 6U FL CP,10/11/2024,
f119509 - FD,f8122398,50,f7898938890052,59.99,39.7799999998,22029900,Monster Pipeline Punch LT 473ml 6U FL CP,10/11/2024,
f118990,f4720233,50,f0070847033301,9.99,6.629999999966667,22029900,Monster Mango Loco Lata 473ml 06UN CP,10/11/2024,
f118990 - FD,f4720234,50,f0070847033318,59.99,39.7799999998,22029900,Monster Mango Loco Lata 473ml 06UN CP,10/11/2024,
f118783 - FD,f22620231,50,f17894900550037,29.99,19.8599999998,22021000,DV FRUT UVA PET 1L 6P CP,4/5/2024,
f118768,f6557,50,f7891098040602,8.99,5.810000000033333,22021000,"MATTE LEAO PESSEGO PET 1,5L (6) CP",08/29/2024,
f118768 - FD,f20720233,50,f17891098040609,51.5,34.8600000002,22021000,"MATTE LEAO PESSEGO PET 1,5L (6) CP",08/29/2024,
f118765,f228844,50,f7891098040589,8.99,5.810000000033333,22021000,"MATTE LEAO LIMAO PET 1,5L (6) CP",10/11/2024,
f118765 - FD,f4720236,50,f17891098040586,51.5,34.8600000002,22021000,"MATTE LEAO LIMAO PET 1,5L (6) CP",10/11/2024,
f118759,f7197,50,f7891098040565,8.99,5.809999999966666,22021000,"MATTE LEAO NATURAL PET 1,5L (6) CP",08/29/2024,
f118759 - FD,f16720233,50,f17891098040562,51.5,34.8599999998,22021000,"MATTE LEAO NATURAL PET 1,5L (6) CP",08/29/2024,
f118463,f1095,50,f0070847022015,9.99,5.974166666633334,22029900,Monster Energy LT 473ml 6Pack FL CP,10/11/2024,
f118463 - FD,f22620230,50,f0070847022503,107.99,71.6899999996,22029900,Monster Energy LT 473ml 6Pack FL CP,10/11/2024,
f118198 - FD,f6720237,50,f17894900504009,54.99,36.4399999996,22029900,Powerade Mountain Blast  PT500 06 CP,09/26/2024,
f55459 - FD,f6720236,50,f27894900031519,66.5,44.16,22021000,FTA LAR PET 2L,10/11/2024,
f55460 - FD,f22620234,50,f27894900051517,123.5,82.19999999999999,22021000,FTA UVA PET 2L 06un,4/5/2024,
f55568 - FD,f22620235,20,f17894900014218,211.5,176.1675000016,22021000,CC PET RET 2L 9,10/11/2024,
f55569 - FD,f67202310,50,f27894900701511,199.99,133.07999999999998,22021000,CC Sem Acucar PET 2L 6U FL,10/03/2024,
f55609 - FD,f22620236,20,f27894900015113,85.99,71.32499999999999,22021000,CC LS 12 STD,10/11/2024,
f56424,f72797,35,f7894900027013,9.98,6.8975608889,22021000,COCA-COLA ORIGINAL PET 2L (6) FL,09/12/2024,
f56326 - FD,f23620232,20,f17894900704218,215.5,179.4149999988,22021000,CC Sem Acucar PET RET 2L 09U,10/11/2024,
f56271 - FD,f3720237,50,f17894900681069,66.5,44.16,22021000,SPRITE ORIGINAL PET 2L 6U FL,10/11/2024,
f56071 - FD,f17720236,50,f27894900093050,62.99,41.8200000002,22021000,FTA GUA PET 2L 6U FL,10/01/2024,
f56008 - FD,f67202313,50,f27894900030017,22.2,15.2999999998,22021000,FANTA LAR LATA 350ML CX C/06,10/03/2024,
f55993 - FD,f23620231,50,f17894900011712,130.2,86.73333333373333,22021000,COCA COLA PET 1L CX C/06,10/11/2024,
f55934,f926,50,f7894900701609,6.2,3.755000000033333,22021000,CC Sem Acucar PET 600ml 6U FL,10/08/2024,
f55934 - FD,f16720234,50,f27894900701603,67.99,45.0600000004,22021000,CC Sem Acucar PET 600ml 6U FL,10/08/2024,
f55404,f699,50,f7894900010015,4.2,2.800833333366666,22021000,COCA COLA LT12 350ML FL,10/11/2024,
f55404 - FD,f4720230,50,f47894900010013,50.5,33.6100000004,22021000,COCA COLA LT12 350ML FL,10/11/2024,
f55388,f921,50,f7894900700015,4.2,2.8016666666333334,22021000,CC Sem Acucar LT 350ml 6U FL,10/01/2024,
f55388 - FD,f27720235,50,f7894900709834,25.5,16.8099999998,22021000,CC Sem Acucar LT 350ml 6U FL,10/01/2024,
f119514 - FD,f22620233,50,f7894900508024,29.2,20.0999999998,22029900,Powerade Frutas Tropicais PET 500ml 06CP,09/26/2024,
f119513 - FD,f28820232,50,f17894900500001,29.2,20.0999999998,22029900,Powerade Limao PET 500ml 06 CP,10/11/2024,
f119509,f8122369,50,f7898938890045,9.99,6.629999999966667,22029900,Monster Pipeline Punch LT 473ml 6U FL CP,10/11/2024,
f119509 - FD,f8122398,50,f7898938890052,59.99,39.7799999998,22029900,Monster Pipeline Punch LT 473ml 6U FL CP,10/11/2024,
f118990,f4720233,50,f0070847033301,9.99,6.629999999966667,22029900,Monster Mango Loco Lata 473ml 06UN CP,10/11/2024,
f118990 - FD,f4720234,50,f0070847033318,59.99,39.7799999998,22029900,Monster Mango Loco Lata 473ml 06UN CP,10/11/2024,
f118783 - FD,f22620231,50,f17894900550037,29.99,19.8599999998,22021000,DV FRUT UVA PET 1L 6P CP,4/5/2024,
f118768,f6557,50,f7891098040602,8.99,5.810000000033333,22021000,"MATTE LEAO PESSEGO PET 1,5L (6) CP",08/29/2024,
f118768 - FD,f20720233,50,f17891098040609,51.5,34.8600000002,22021000,"MATTE LEAO PESSEGO PET 1,5L (6) CP",08/29/2024,
f118765,f228844,50,f7891098040589,8.99,5.810000000033333,22021000,"MATTE LEAO LIMAO PET 1,5L (6) CP",10/11/2024,
f118765 - FD,f4720236,50,f17891098040586,51.5,34.8600000002,22021000,"MATTE LEAO LIMAO PET 1,5L (6) CP",10/11/2024,
f118759,f7197,50,f7891098040565,8.99,5.809999999966666,22021000,"MATTE LEAO NATURAL PET 1,5L (6) CP",08/29/2024,
f118759 - FD,f16720233,50,f17891098040562,51.5,34.8599999998,22021000,"MATTE LEAO NATURAL PET 1,5L (6) CP",08/29/2024,
f118463,f1095,50,f0070847022015,9.99,5.974166666633334,22029900,Monster Energy LT 473ml 6Pack FL CP,10/11/2024,
f118463 - FD,f22620230,50,f0070847022503,107.99,71.6899999996,22029900,Monster Energy LT 473ml 6Pack FL CP,10/11/2024,
f118198 - FD,f6720237,50,f17894900504009,54.99,36.4399999996,22029900,Powerade Mountain Blast  PT500 06 CP,09/26/2024,
f55286 - FD,f107202310,50,f27894900050015,22.2,15.2999999998,22021000,FANTA UVA LT 06UN FL,10/11/2024,
f55404,f699,50,f7894900010015,4.2,2.800833333366666,22021000,COCA COLA LT12 350ML FL,10/11/2024,
f55404 - FD,f4720230,50,f47894900010013,50.5,33.6100000004,22021000,COCA COLA LT12 350ML FL,10/11/2024,
f55459 - FD,f6720236,50,f27894900031519,66.5,44.16,22021000,FTA LAR PET 2L,10/11/2024,
f55477 - FD,f6720235,50,f27894900911514,54.2,36.0600000002,22021000,KUAT PET 2L 06un,10/11/2024,
f55568 - FD,f22620235,20,f17894900014218,211.5,176.1675000016,22021000,CC PET RET 2L 9,10/11/2024,
f55569 - FD,f67202310,50,f27894900701511,199.99,133.07999999999998,22021000,CC Sem Acucar PET 2L 6U FL,10/03/2024,
f55609 - FD,f22620236,20,f27894900015113,85.99,71.32499999999999,22021000,CC LS 12 STD,10/11/2024,
f55935 - FD,f23620230,50,f27894900011603,67.99,45.0600000004,22021000,CC Pet 600ml 6 Pack FL,10/11/2024,
f55993,f2343,50,f7894900011715,8.6,4.81851851854074,22021000,COCA COLA PET 1L CX C/06,10/11/2024,
f55993 - FD,f23620231,50,f17894900011712,130.2,86.73333333373333,22021000,COCA COLA PET 1L CX C/06,10/11/2024,
f55994,f3686,50,f7894900701715,7.99,5.290000000033333,22021000,CC Sem Acucar PET 1L 6U FL,4/11/2024,
f55994 - FD,f67202312,50,f17894900701712,83.99,31.7400000002,22021000,CC Sem Acucar PET 1L 6U FL,4/11/2024,
f56010,f7596,50,f7894900910018,3.99,2.45,22021000,KUAT LATA 350ML CX C/6,08/29/2024,
f56010 - FD,f10720238,50,f27894900910012,21.2,14.7,22021000,KUAT LATA 350ML CX C/6,08/29/2024,
f56269 - FD,f10720237,50,f17894900681038,22.2,15.2999999998,22021000,SPRITE ORIGINAL LT 350ml 6U FL,10/03/2024,
f56287 - FD,f16720238,50,f7894900025026,15.99,10.62,22021000,Coca-Cola Cafe Espresso LT 220ml 6U FI,10/03/2024,
f56298 - FD,f6720238,50,f7894900012217,46.99,31.3299999992,22021000,Coca-Cola PET 200ml 12U MAINLINE,10/11/2024,
f118463 - FD,f22620230,50,f0070847022503,107.99,71.6899999996,22029900,Monster Energy LT 473ml 6Pack FL CP,10/11/2024,
f118798 - FD,f29620234,50,f17894900550051,23.99,16.139999999800004,22021000,DV FRUT UVA PET 450ML 6P CP,09/02/2024,
f118990,f4720233,50,f0070847033301,9.99,6.629999999966667,22029900,Monster Mango Loco Lata 473ml 06UN CP,10/11/2024,
f118990 - FD,f4720234,50,f0070847033318,59.99,39.7799999998,22029900,Monster Mango Loco Lata 473ml 06UN CP,10/11/2024,
f119145,f2405211,50,f7894900087062,8.99,5.690000000033333,22029900,ADES MACA TP 1L 6U CP,10/01/2024,
f119145 - FD,f318202388,50,f17894900087069,49.99,34.1400000002,22029900,ADES MACA TP 1L 6U CP,10/01/2024,
f119509,f8122369,50,f7898938890045,9.99,6.629999999966667,22029900,Monster Pipeline Punch LT 473ml 6U FL CP,10/11/2024,
f119509 - FD,f8122398,50,f7898938890052,59.99,39.7799999998,22029900,Monster Pipeline Punch LT 473ml 6U FL CP,10/11/2024,
f119521,f4720231,50,f1220000250222,9.99,6.629999999966667,22029900,Monster Ultra Watermelon LT 473ml 06 CP,07/11/2024,
f119521 - FD,f4720232,50,f1220000250239,59.99,39.7799999998,22029900,Monster Ultra Watermelon LT 473ml 06 CP,07/11/2024,
f139474,f0209221,50,f7898367983790,6.5,3.38,22030000,Eisenbahn LT 350ml 12U Pilsen,09/12/2024,
f139474 - FD,f2222478,50,f7898367984018,75.5,40.56,22030000,Eisenbahn LT 350ml 12U Pilsen,09/12/2024,
f56312 - FD,f10720236,50,f7894900180510,24.5,16.2599999998,22021000,SCHW CITRUS ORIGINAL LT 350ML 6U FI,10/03/2024,
f56326 - FD,f23620232,20,f17894900704218,215.5,179.4149999988,22021000,CC Sem Acucar PET RET 2L 09U,10/11/2024,
f56424,f72797,35,f7894900027013,9.98,6.8975608889,22021000,COCA-COLA ORIGINAL PET 2L (6) FL,09/12/2024,
f118759,f7197,50,f7891098040565,8.99,5.809999999966666,22021000,"MATTE LEAO NATURAL PET 1,5L (6) CP",08/29/2024,
f118759 - FD,f16720233,50,f17891098040562,51.5,34.8599999998,22021000,"MATTE LEAO NATURAL PET 1,5L (6) CP",08/29/2024,
f55388,f921,50,f7894900700015,4.2,2.8016666666333334,22021000,CC Sem Acucar LT 350ml 6U FL,10/01/2024,
f55388 - FD,f27720235,50,f7894900709834,25.5,16.8099999998,22021000,CC Sem Acucar LT 350ml 6U FL,10/01/2024,
f55404,f699,50,f7894900010015,4.2,2.800833333366666,22021000,COCA COLA LT12 350ML FL,10/11/2024,
f55404 - FD,f4720230,50,f47894900010013,50.5,33.6100000004,22021000,COCA COLA LT12 350ML FL,10/11/2024,
f55460,f694,50,f7894900051513,11.2,7.359999999999999,22021000,FTA UVA PET 2L 06un,4/15/2024,
f55460 - FD,f22620234,50,f27894900051517,123.5,44.16,22021000,FTA UVA PET 2L 06un,4/15/2024,
f55477 - FD,f6720235,50,f27894900911514,54.2,36.0600000002,22021000,KUAT PET 2L 06un,10/11/2024,
f55934,f926,50,f7894900701609,6.2,3.755000000033333,22021000,CC Sem Acucar PET 600ml 6U FL,10/08/2024,
f55934 - FD,f16720234,50,f27894900701603,67.99,45.0600000004,22021000,CC Sem Acucar PET 600ml 6U FL,10/08/2024,
f55935,f924,50,f7894900011609,6.2,3.755000000033333,22021000,CC Pet 600ml 6 Pack FL,10/11/2024,
f55935 - FD,f23620230,50,f27894900011603,67.99,45.0600000004,22021000,CC Pet 600ml 6 Pack FL,10/11/2024,
f56326 - FD,f23620232,20,f17894900704218,215.5,179.4149999988,22021000,CC Sem Acucar PET RET 2L 09U,10/11/2024,
f56424,f72797,35,f7894900027013,9.98,6.8975608889,22021000,COCA-COLA ORIGINAL PET 2L (6) FL,09/12/2024,
f118765,f228844,50,f7891098040589,8.99,5.810000000033333,22021000,"MATTE LEAO LIMAO PET 1,5L (6) CP",10/11/2024,
f118765 - FD,f4720236,50,f17891098040586,51.5,34.8600000002,22021000,"MATTE LEAO LIMAO PET 1,5L (6) CP",10/11/2024,
f118768,f6557,50,f7891098040602,8.99,5.810000000033333,22021000,"MATTE LEAO PESSEGO PET 1,5L (6) CP",08/29/2024,
f118768 - FD,f20720233,50,f17891098040609,51.5,34.8600000002,22021000,"MATTE LEAO PESSEGO PET 1,5L (6) CP",08/29/2024,
f118783 - FD,f22620231,50,f17894900550037,29.99,19.8599999998,22021000,DV FRUT UVA PET 1L 6P CP,4/15/2024,
f118463,f1095,50,f0070847022015,9.99,5.974166666633334,22029900,Monster Energy LT 473ml 6Pack FL CP,10/11/2024,
f118463 - FD,f22620230,50,f0070847022503,107.99,71.6899999996,22029900,Monster Energy LT 473ml 6Pack FL CP,10/11/2024,
f118469,f00046,50,f7898938890076,9.99,6.629999999966667,22029900,Monster Energy Zero Acucar 473ml 06 CP,10/11/2024,
f118469 - FD,f1842463,50,f7898938890083,59.99,39.7799999998,22029900,Monster Energy Zero Acucar 473ml 06 CP,10/11/2024,
f119513 - FD,f28820232,50,f17894900500001,29.2,20.0999999998,22029900,Powerade Limao PET 500ml 06 CP,10/11/2024,
f55286 - FD,f107202310,50,f27894900050015,22.2,15.2999999998,22021000,FANTA UVA LT 06UN FL,10/11/2024,
f55388,f921,50,f7894900700015,4.2,2.8016666666333334,22021000,CC Sem Acucar LT 350ml 6U FL,10/01/2024,
f55388 - FD,f27720235,50,f7894900709834,25.5,16.8099999998,22021000,CC Sem Acucar LT 350ml 6U FL,10/01/2024,
f55404,f699,50,f7894900010015,4.2,2.800833333366666,22021000,COCA COLA LT12 350ML FL,10/11/2024,
f55404 - FD,f4720230,50,f47894900010013,50.5,33.6100000004,22021000,COCA COLA LT12 350ML FL,10/11/2024,
f55460,f694,50,f7894900051513,11.2,7.359999999999999,22021000,FTA UVA PET 2L 06un,4/18/2024,
f55460 - FD,f22620234,50,f27894900051517,123.5,44.16,22021000,FTA UVA PET 2L 06un,4/18/2024,
f55568 - FD,f22620235,20,f17894900014218,211.5,176.1675000016,22021000,CC PET RET 2L 9,10/11/2024,
f55609 - FD,f22620236,20,f27894900015113,85.99,71.32499999999999,22021000,CC LS 12 STD,10/11/2024,
f56008 - FD,f67202313,50,f27894900030017,22.2,15.2999999998,22021000,FANTA LAR LATA 350ML CX C/06,10/03/2024,
f56102 - FD,f16720236,50,f27894900031601,66.99,44.355,22021000,FTA LAR PET 600ml 6U FL,10/11/2024,
f56269 - FD,f10720237,50,f17894900681038,22.2,15.2999999998,22021000,SPRITE ORIGINAL LT 350ml 6U FL,10/03/2024,
f56350 - FD,f17720237,50,f17894900681243,66.99,44.355,22021000,SPRITE ORIGINAL PET 600ml 6U FL,10/03/2024,
f118795 - FD,f4720235,50,f17894900556039,32.99,21.8400000002,22021000,DV FRUT LARANJA PET 1L 6P CP,09/26/2024,
f118990,f4720233,50,f0070847033301,9.99,6.629999999966667,22029900,Monster Mango Loco Lata 473ml 06UN CP,10/11/2024,
f118990 - FD,f4720234,50,f0070847033318,59.99,39.7799999998,22029900,Monster Mango Loco Lata 473ml 06UN CP,10/11/2024,
f119509,f8122369,50,f7898938890045,9.99,6.629999999966667,22029900,Monster Pipeline Punch LT 473ml 6U FL CP,10/11/2024,
f119509 - FD,f8122398,50,f7898938890052,59.99,39.7799999998,22029900,Monster Pipeline Punch LT 473ml 6U FL CP,10/11/2024,
f118759,f7197,50,f7891098040565,8.99,5.809999999966666,22021000,"MATTE LEAO NATURAL PET 1,5L (6) CP",08/29/2024,
f118759 - FD,f16720233,50,f17891098040562,51.5,34.8599999998,22021000,"MATTE LEAO NATURAL PET 1,5L (6) CP",08/29/2024,
f118768,f6557,50,f7891098040602,8.99,5.810000000033333,22021000,"MATTE LEAO PESSEGO PET 1,5L (6) CP",08/29/2024,
f118768 - FD,f20720233,50,f17891098040609,51.5,34.8600000002,22021000,"MATTE LEAO PESSEGO PET 1,5L (6) CP",08/29/2024,
f55404,f699,50,f7894900010015,4.2,2.800833333366666,22021000,COCA COLA LT12 350ML FL,10/11/2024,
f55404 - FD,f4720230,50,f47894900010013,50.5,33.6100000004,22021000,COCA COLA LT12 350ML FL,10/11/2024,
f55460,f694,50,f7894900051513,11.2,7.359999999999999,22021000,FTA UVA PET 2L 06un,4/23/2024,
f55460 - FD,f22620234,50,f27894900051517,123.5,44.16,22021000,FTA UVA PET 2L 06un,4/23/2024,
f55935,f924,50,f7894900011609,6.2,3.755000000033333,22021000,CC Pet 600ml 6 Pack FL,10/11/2024,
f55935 - FD,f23620230,50,f27894900011603,67.99,45.0600000004,22021000,CC Pet 600ml 6 Pack FL,10/11/2024,
f55993,f2343,50,f7894900011715,8.6,4.81851851854074,22021000,COCA COLA PET 1L CX C/06,10/11/2024,
f55993 - FD,f23620231,50,f17894900011712,130.2,86.73333333373333,22021000,COCA COLA PET 1L CX C/06,10/11/2024,
f55994,f3686,50,f7894900701715,7.99,5.290000000033333,22021000,CC Sem Acucar PET 1L 6U FL,4/23/2024,
f55994 - FD,f67202312,50,f17894900701712,83.99,31.7400000002,22021000,CC Sem Acucar PET 1L 6U FL,4/23/2024,
f118223,f687,50,f7891098000637,3.99,2.36,22021000,MATTE LIMAO COPO 300ML CP,4/25/2024,
f118223 - FD,f510202375,50,f17891098020632,42.5,28.32,22021000,MATTE LIMAO COPO 300ML CP,4/25/2024,
f118463,f1095,50,f0070847022015,9.99,5.974166666633334,22029900,Monster Energy LT 473ml 6Pack FL CP,10/11/2024,
f118463 - FD,f22620230,50,f0070847022503,107.99,71.6899999996,22029900,Monster Energy LT 473ml 6Pack FL CP,10/11/2024,
f118759 - FD,f16720233,50,f17891098040562,51.5,34.8599999998,22021000,"MATTE LEAO NATURAL PET 1,5L (6) CP",08/29/2024,
f118990,f4720233,50,f0070847033301,9.99,6.629999999966667,22029900,Monster Mango Loco Lata 473ml 06UN CP,10/11/2024,
f118990 - FD,f4720234,50,f0070847033318,59.99,39.7799999998,22029900,Monster Mango Loco Lata 473ml 06UN CP,10/11/2024,
f119514 - FD,f22620233,50,f7894900508024,29.2,20.0999999998,22029900,Powerade Frutas Tropicais PET 500ml 06CP,09/26/2024,
f55459 - FD,f6720236,50,f27894900031519,66.5,44.16,22021000,FTA LAR PET 2L,10/11/2024,
f55569 - FD,f67202310,50,f27894900701511,199.99,133.07999999999998,22021000,CC Sem Acucar PET 2L 6U FL,10/03/2024,
f55609 - FD,f22620236,20,f27894900015113,85.99,71.32499999999999,22021000,CC LS 12 STD,10/11/2024,
f55935,f924,50,f7894900011609,6.2,3.755000000033333,22021000,CC Pet 600ml 6 Pack FL,10/11/2024,
f55935 - FD,f23620230,50,f27894900011603,67.99,45.0600000004,22021000,CC Pet 600ml 6 Pack FL,10/11/2024,
f55990 - FD,f3820231,50,f27894900053634,35.2,23.4,22021000,FANTA Uva 600ml 06Pack F.Liso,08/08/2024,
f55993,f2343,50,f7894900011715,8.6,4.81851851854074,22021000,COCA COLA PET 1L CX C/06,10/11/2024,
f55993 - FD,f23620231,50,f17894900011712,130.2,86.73333333373333,22021000,COCA COLA PET 1L CX C/06,10/11/2024,
f56071 - FD,f17720236,50,f27894900093050,62.99,41.8200000002,22021000,FTA GUA PET 2L 6U FL,10/01/2024,
f56238,f72350,50,f7894900680508,4.99,3.2216666667,22021000,SPRITE FRESH LIMAO PET 510ml 6U FL,10/11/2024,
f56238 - FD,f16720237,50,f17894900680512,29.2,19.3300000002,22021000,SPRITE FRESH LIMAO PET 510ml 6U FL,10/11/2024,
f56271 - FD,f3720237,50,f17894900681069,66.5,44.16,22021000,SPRITE ORIGINAL PET 2L 6U FL,10/11/2024,
f56366 - FD,f23620233,20,f17894900034216,68.5,45.54000000010001,22021000,FTA LAR PET RET 2L_TRI,10/03/2024,
f118198 - FD,f6720237,50,f17894900504009,54.99,36.4399999996,22029900,Powerade Mountain Blast  PT500 06 CP,09/26/2024,
f55404,f699,50,f7894900010015,4.2,2.800833333366666,22021000,COCA COLA LT12 350ML FL,10/11/2024,
f55404 - FD,f4720230,50,f47894900010013,50.5,33.6100000004,22021000,COCA COLA LT12 350ML FL,10/11/2024,
f55460,f694,50,f7894900051513,11.2,7.359999999999999,22021000,FTA UVA PET 2L 06un,4/29/2024,
f55460 - FD,f22620234,50,f27894900051517,123.5,44.16,22021000,FTA UVA PET 2L 06un,4/29/2024,
f55707 - FD,f67202311,50,f17894900911609,34.99,23.1,22021000,KUAT PET 600 06un F.Liso,09/02/2024,
f55935,f924,50,f7894900011609,6.2,3.755000000033333,22021000,CC Pet 600ml 6 Pack FL,10/11/2024,
f55935 - FD,f23620230,50,f27894900011603,67.99,45.0600000004,22021000,CC Pet 600ml 6 Pack FL,10/11/2024,
f55993,f2343,50,f7894900011715,8.6,4.81851851854074,22021000,COCA COLA PET 1L CX C/06,10/11/2024,
f55993 - FD,f23620231,50,f17894900011712,130.2,86.73333333373333,22021000,COCA COLA PET 1L CX C/06,10/11/2024,
f56287 - FD,f16720238,50,f7894900025026,15.99,10.62,22021000,Coca-Cola Cafe Espresso LT 220ml 6U FI,10/03/2024,
f56760,f294243,50,f7894900091007,3.99,2.450000000033333,22021000,FANTA MARACUJA LT ALUM 350ml 6 FL,4/29/2024,
f56760 - FD,f2942413,50,f17894900091004,22.2,14.7000000002,22021000,FANTA MARACUJA LT ALUM 350ml 6 FL,4/29/2024,
f55569 - FD,f67202310,50,f27894900701511,199.99,133.07999999999998,22021000,CC Sem Acucar PET 2L 6U FL,10/03/2024,
f56238 - FD,f16720237,50,f17894900680512,29.2,19.3300000002,22021000,SPRITE FRESH LIMAO PET 510ml 6U FL,10/11/2024,
f118463 - FD,f22620230,50,f0070847022503,107.99,71.6899999996,22029900,Monster Energy LT 473ml 6Pack FL CP,10/11/2024,
f118765 - FD,f4720236,50,f17891098040586,51.5,34.8600000002,22021000,"MATTE LEAO LIMAO PET 1,5L (6) CP",10/11/2024,
f119555 - FD,f219202387,50,f17894900502043,30.2,20.0999999998,22029900,Powerade Tangerina PET 500mL 06 CP,09/05/2024,
f118759,f7197,50,f7891098040565,8.99,5.809999999966666,22021000,"MATTE LEAO NATURAL PET 1,5L (6) CP",08/29/2024,
f118759 - FD,f16720233,50,f17891098040562,51.5,34.8599999998,22021000,"MATTE LEAO NATURAL PET 1,5L (6) CP",08/29/2024,
f55388,f921,50,f7894900700015,4.2,2.8016666666333334,22021000,CC Sem Acucar LT 350ml 6U FL,10/01/2024,
f55388 - FD,f27720235,50,f7894900709834,25.5,16.8099999998,22021000,CC Sem Acucar LT 350ml 6U FL,10/01/2024,
f55404 - FD,f4720230,50,f47894900010013,50.5,33.6100000004,22021000,COCA COLA LT12 350ML FL,10/11/2024,
f55459,f65,50,f7894900031515,11.2,7.359999999999999,22021000,FTA LAR PET 2L,10/11/2024,
f55459 - FD,f6720236,50,f27894900031519,66.5,44.16,22021000,FTA LAR PET 2L,10/11/2024,
f55477,f7781,50,f7894900911510,9.2,6.010000000033333,22021000,KUAT PET 2L 06un,10/11/2024,
f55477 - FD,f6720235,50,f27894900911514,54.2,36.0600000002,22021000,KUAT PET 2L 06un,10/11/2024,
f55569 - FD,f67202310,50,f27894900701511,199.99,133.07999999999998,22021000,CC Sem Acucar PET 2L 6U FL,10/03/2024,
f55934,f926,50,f7894900701609,6.2,3.755000000033333,22021000,CC Sem Acucar PET 600ml 6U FL,10/08/2024,
f55934 - FD,f16720234,50,f27894900701603,67.99,45.0600000004,22021000,CC Sem Acucar PET 600ml 6U FL,10/08/2024,
f55935 - FD,f23620230,50,f27894900011603,67.99,45.0600000004,22021000,CC Pet 600ml 6 Pack FL,10/11/2024,
f55993,f2343,50,f7894900011715,8.6,4.81851851854074,22021000,COCA COLA PET 1L CX C/06,10/11/2024,
f55993 - FD,f23620231,50,f17894900011712,130.2,86.73333333373333,22021000,COCA COLA PET 1L CX C/06,10/11/2024,
f56238 - FD,f16720237,50,f17894900680512,29.2,19.3300000002,22021000,SPRITE FRESH LIMAO PET 510ml 6U FL,10/11/2024,
f56326 - FD,f23620232,20,f17894900704218,215.5,179.4149999988,22021000,CC Sem Acucar PET RET 2L 09U,10/11/2024,
f119530,f7106,50,f7894900558623,5.99,4.129999999966667,22021000,"DV FRESH LIMAO PET 1,5L 6P CP NOVO",10/01/2024,
f119530 - FD,f259202393,50,f17894900558620,37.2,24.7799999998,22021000,"DV FRESH LIMAO PET 1,5L 6P CP NOVO",10/01/2024,
f141006,f203,50,f7896262304351,3.2,2.13,17049020,MENTOS FRUTAS STICK 14P CX16 600G,09/12/2024,
f141006 - FD,f1852414,50,f7896262304467,51.2,34.08,17049020,MENTOS FRUTAS STICK 14P CX16 600G,09/12/2024,
f141018,f122435,50,f7895144693224,39.2,2.13,17049020,MENTOS TUTTI-FRUTTI STICK 14P CX16 600G,5/18/2024,
f141018 - FD,f1852491,50,f17895144693221,51.2,34.08,17049020,MENTOS TUTTI-FRUTTI STICK 14P CX16 600G,5/18/2024,
f118463 - FD,f22620230,50,f0070847022503,107.99,71.6899999996,22029900,Monster Energy LT 473ml 6Pack FL CP,10/11/2024,
f118608 - FD,f28122349,50,f17891098040906,85.99,57.2600000004,22021000,"ICE PESSEGO  PET 1,5L (6) CP",5/18/2024,
f118759 - FD,f16720233,50,f17891098040562,51.5,34.8599999998,22021000,"MATTE LEAO NATURAL PET 1,5L (6) CP",08/29/2024,
f118765 - FD,f4720236,50,f17891098040586,51.5,34.8600000002,22021000,"MATTE LEAO LIMAO PET 1,5L (6) CP",10/11/2024,
f119521,f4720231,50,f1220000250222,9.99,6.629999999966667,22029900,Monster Ultra Watermelon LT 473ml 06 CP,07/11/2024,
f119521 - FD,f4720232,50,f1220000250239,59.99,39.7799999998,22029900,Monster Ultra Watermelon LT 473ml 06 CP,07/11/2024,
f118067,f1874,50,f7898341430036,10.5,7.29,22029900,D.V Mais Pessego1Litro 6,10/08/2024,
f118067 - FD,f14820230,50,f17898341431603,65.99,43.74,22029900,D.V Mais Pessego1Litro 6,10/08/2024,
f118198 - FD,f6720237,50,f17894900504009,54.99,36.4399999996,22029900,Powerade Mountain Blast  PT500 06 CP,09/26/2024,
f118990,f4720233,50,f0070847033301,9.99,6.629999999966667,22029900,Monster Mango Loco Lata 473ml 06UN CP,10/11/2024,
f118990 - FD,f4720234,50,f0070847033318,59.99,39.7799999998,22029900,Monster Mango Loco Lata 473ml 06UN CP,10/11/2024,
f55286 - FD,f107202310,50,f27894900050015,22.2,15.2999999998,22021000,FANTA UVA LT 06UN FL,10/11/2024,
f55404,f699,50,f7894900010015,4.2,2.800833333366666,22021000,COCA COLA LT12 350ML FL,10/11/2024,
f55404 - FD,f4720230,50,f47894900010013,50.5,33.6100000004,22021000,COCA COLA LT12 350ML FL,10/11/2024,
f55459,f65,50,f7894900031515,11.2,7.359999999999999,22021000,FTA LAR PET 2L,10/11/2024,
f55459 - FD,f6720236,50,f27894900031519,66.5,44.16,22021000,FTA LAR PET 2L,10/11/2024,
f55568 - FD,f22620235,20,f17894900014218,211.5,176.1675000016,22021000,CC PET RET 2L 9,10/11/2024,
f55935,f924,50,f7894900011609,6.2,3.755000000033333,22021000,CC Pet 600ml 6 Pack FL,10/11/2024,
f55935 - FD,f23620230,50,f27894900011603,67.99,45.0600000004,22021000,CC Pet 600ml 6 Pack FL,10/11/2024,
f55990 - FD,f3820231,50,f27894900053634,35.2,23.4,22021000,FANTA Uva 600ml 06Pack F.Liso,08/08/2024,
f55994,f3686,50,f7894900701715,7.99,5.290000000033333,22021000,CC Sem Acucar PET 1L 6U FL,5/19/2024,
f55994 - FD,f67202312,50,f17894900701712,83.99,31.7400000002,22021000,CC Sem Acucar PET 1L 6U FL,5/19/2024,
f56071 - FD,f17720236,50,f27894900093050,62.99,41.8200000002,22021000,FTA GUA PET 2L 6U FL,10/01/2024,
f56102 - FD,f16720236,50,f27894900031601,66.99,44.355,22021000,FTA LAR PET 600ml 6U FL,10/11/2024,
f56271,f933,50,f7894900681000,10.99,7.359999999999999,22021000,SPRITE ORIGINAL PET 2L 6U FL,10/11/2024,
f56271 - FD,f3720237,50,f17894900681069,66.5,44.16,22021000,SPRITE ORIGINAL PET 2L 6U FL,10/11/2024,
f56287 - FD,f16720238,50,f7894900025026,15.99,10.62,22021000,Coca-Cola Cafe Espresso LT 220ml 6U FI,10/03/2024,
f55388,f921,50,f7894900700015,4.2,2.8016666666333334,22021000,CC Sem Acucar LT 350ml 6U FL,10/01/2024,
f55388 - FD,f27720235,50,f7894900709834,25.5,16.8099999998,22021000,CC Sem Acucar LT 350ml 6U FL,10/01/2024,
f55404 - FD,f4720230,50,f47894900010013,50.5,33.6100000004,22021000,COCA COLA LT12 350ML FL,10/11/2024,
f55477 - FD,f6720235,50,f27894900911514,54.2,36.0600000002,22021000,KUAT PET 2L 06un,10/11/2024,
f55934,f926,50,f7894900701609,6.2,3.755000000033333,22021000,CC Sem Acucar PET 600ml 6U FL,10/08/2024,
f55934 - FD,f16720234,50,f27894900701603,67.99,45.0600000004,22021000,CC Sem Acucar PET 600ml 6U FL,10/08/2024,
f55935 - FD,f23620230,50,f27894900011603,67.99,45.0600000004,22021000,CC Pet 600ml 6 Pack FL,10/11/2024,
f55993,f2343,50,f7894900011715,8.6,4.81851851854074,22021000,COCA COLA PET 1L CX C/06,10/11/2024,
f55993 - FD,f23620231,50,f17894900011712,130.2,86.73333333373333,22021000,COCA COLA PET 1L CX C/06,10/11/2024,
f55994,f3686,50,f7894900701715,7.99,5.290000000033333,22021000,CC Sem Acucar PET 1L 6U FL,5/19/2024,
f55994 - FD,f67202312,50,f17894900701712,83.99,31.7400000002,22021000,CC Sem Acucar PET 1L 6U FL,5/19/2024,
f56010,f7596,50,f7894900910018,3.99,2.45,22021000,KUAT LATA 350ML CX C/6,08/29/2024,
f56010 - FD,f10720238,50,f27894900910012,21.2,14.7,22021000,KUAT LATA 350ML CX C/6,08/29/2024,
f56071 - FD,f17720236,50,f27894900093050,62.99,41.8200000002,22021000,FTA GUA PET 2L 6U FL,10/01/2024,
f56269 - FD,f10720237,50,f17894900681038,22.2,15.2999999998,22021000,SPRITE ORIGINAL LT 350ml 6U FL,10/03/2024,
f56287 - FD,f16720238,50,f7894900025026,15.99,10.62,22021000,Coca-Cola Cafe Espresso LT 220ml 6U FI,10/03/2024,
f56271 - FD,f3720237,50,f17894900681069,66.5,44.16,22021000,SPRITE ORIGINAL PET 2L 6U FL,10/11/2024,
f56350 - FD,f17720237,50,f17894900681243,66.99,44.355,22021000,SPRITE ORIGINAL PET 600ml 6U FL,10/03/2024,
f56326 - FD,f23620232,20,f17894900704218,215.5,179.4149999988,22021000,CC Sem Acucar PET RET 2L 09U,10/11/2024,
f119521,f4720231,50,f1220000250222,9.99,6.629999999966667,22029900,Monster Ultra Watermelon LT 473ml 06 CP,07/11/2024,
f119521 - FD,f4720232,50,f1220000250239,59.99,39.7799999998,22029900,Monster Ultra Watermelon LT 473ml 06 CP,07/11/2024,
f119135 - FD,f10720230,50,f17894900666509,23.99,15.8399999998,22021000,DV FRUT FRUTAS CITRICAS PET 450ML 6P CP,5/19/2024,
f119123 - FD,f412472,50,f27891098041818,24.5,16.320000000199997,22021000,Guarana Power Acai PET 450ml 06U FL CP,08/29/2024,
f118955 - FD,f28820231,50,f17894900556053,23.99,15.8399999998,22021000,DV FRUT LARANJA PET 450ML 6P CP,07/29/2024,
f118783 - FD,f22620231,50,f17894900550037,29.99,19.8599999998,22021000,DV FRUT UVA PET 1L 6P CP,5/19/2024,
f56326 - FD,f23620232,20,f17894900704218,215.5,179.4149999988,22021000,CC Sem Acucar PET RET 2L 09U,10/11/2024,
f119513 - FD,f28820232,50,f17894900500001,29.2,20.0999999998,22029900,Powerade Limao PET 500ml 06 CP,10/11/2024,
f118990,f4720233,50,f0070847033301,9.99,6.629999999966667,22029900,Monster Mango Loco Lata 473ml 06UN CP,10/11/2024,
f118990 - FD,f4720234,50,f0070847033318,59.99,39.7799999998,22029900,Monster Mango Loco Lata 473ml 06UN CP,10/11/2024,
f118463 - FD,f22620230,50,f0070847022503,107.99,71.6899999996,22029900,Monster Energy LT 473ml 6Pack FL CP,10/11/2024,
f118198 - FD,f6720237,50,f17894900504009,54.99,36.4399999996,22029900,Powerade Mountain Blast  PT500 06 CP,09/26/2024,
f55460,f694,50,f7894900051513,11.2,7.359999999999999,22021000,FTA UVA PET 2L 06un,5/19/2024,
f55460 - FD,f22620234,50,f27894900051517,123.5,44.16,22021000,FTA UVA PET 2L 06un,5/19/2024,
f55568 - FD,f22620235,20,f17894900014218,211.5,176.1675000016,22021000,CC PET RET 2L 9,10/11/2024,
f55569 - FD,f67202310,50,f27894900701511,199.99,133.07999999999998,22021000,CC Sem Acucar PET 2L 6U FL,10/03/2024,
f55609 - FD,f22620236,20,f27894900015113,85.99,71.32499999999999,22021000,CC LS 12 STD,10/11/2024,
f55707,f63,50,f7894900911602,5.99,3.85,22021000,KUAT PET 600 06un F.Liso,09/02/2024,
f55707 - FD,f67202311,50,f17894900911609,34.99,23.1,22021000,KUAT PET 600 06un F.Liso,09/02/2024,
f56298 - FD,f6720238,50,f7894900012217,46.99,31.3299999992,22021000,Coca-Cola PET 200ml 12U MAINLINE,10/11/2024,
f56271,f933,50,f7894900681000,10.99,7.359999999999999,22021000,SPRITE ORIGINAL PET 2L 6U FL,10/11/2024,
f56271 - FD,f3720237,50,f17894900681069,66.5,44.16,22021000,SPRITE ORIGINAL PET 2L 6U FL,10/11/2024,
f56010,f7596,50,f7894900910018,3.99,2.45,22021000,KUAT LATA 350ML CX C/6,08/29/2024,
f56010 - FD,f10720238,50,f27894900910012,21.2,14.7,22021000,KUAT LATA 350ML CX C/6,08/29/2024,
f55994,f3686,50,f7894900701715,7.99,5.290000000033333,22021000,CC Sem Acucar PET 1L 6U FL,5/19/2024,
f55994 - FD,f67202312,50,f17894900701712,83.99,31.7400000002,22021000,CC Sem Acucar PET 1L 6U FL,5/19/2024,
f55993,f2343,50,f7894900011715,8.6,4.81851851854074,22021000,COCA COLA PET 1L CX C/06,10/11/2024,
f55993 - FD,f23620231,50,f17894900011712,130.2,86.73333333373333,22021000,COCA COLA PET 1L CX C/06,10/11/2024,
f55935,f924,50,f7894900011609,6.2,3.755000000033333,22021000,CC Pet 600ml 6 Pack FL,10/11/2024,
f55935 - FD,f23620230,50,f27894900011603,67.99,45.0600000004,22021000,CC Pet 600ml 6 Pack FL,10/11/2024,
f55934,f926,50,f7894900701609,6.2,3.755000000033333,22021000,CC Sem Acucar PET 600ml 6U FL,10/08/2024,
f55934 - FD,f16720234,50,f27894900701603,67.99,45.0600000004,22021000,CC Sem Acucar PET 600ml 6U FL,10/08/2024,
f55568,f2294,20,f7894900014211,5.99,4.893541666711111,22021000,CC PET RET 2L 9,10/11/2024,
f55568 - FD,f22620235,20,f17894900014218,211.5,176.1675000016,22021000,CC PET RET 2L 9,10/11/2024,
f56298 - FD,f6720238,50,f7894900012217,46.99,31.3299999992,22021000,Coca-Cola PET 200ml 12U MAINLINE,10/11/2024,
f56366,f6539,20,f7894900034219,7.49,5.060000000011112,22021000,FTA LAR PET RET 2L_TRI,10/03/2024,
f56366 - FD,f23620233,20,f17894900034216,68.5,45.54000000010001,22021000,FTA LAR PET RET 2L_TRI,10/03/2024,
f55609,f67,20,f7894900015119,3.99,2.971875,22021000,CC LS 12 STD,10/11/2024,
f55609 - FD,f22620236,20,f27894900015113,85.99,71.32499999999999,22021000,CC LS 12 STD,10/11/2024,
f55934,f926,50,f7894900701609,6.2,3.755000000033333,22021000,CC Sem Acucar PET 600ml 6U FL,10/08/2024,
f55934 - FD,f16720234,50,f27894900701603,67.99,45.0600000004,22021000,CC Sem Acucar PET 600ml 6U FL,10/08/2024,
f55935,f924,50,f7894900011609,6.2,3.755000000033333,22021000,CC Pet 600ml 6 Pack FL,10/11/2024,
f55935 - FD,f23620230,50,f27894900011603,67.99,45.0600000004,22021000,CC Pet 600ml 6 Pack FL,10/11/2024,
f118069,f667,50,f7898341430098,10.5,7.299999999966667,22029900,D.V Mais Uva 1Litro 6,10/03/2024,
f118069 - FD,f16720230,50,f17898341431580,65.99,43.79999999980001,22029900,D.V Mais Uva 1Litro 6,10/03/2024,
f118990,f4720233,50,f0070847033301,9.99,6.629999999966667,22029900,Monster Mango Loco Lata 473ml 06UN CP,10/11/2024,
f118990 - FD,f4720234,50,f0070847033318,59.99,39.7799999998,22029900,Monster Mango Loco Lata 473ml 06UN CP,10/11/2024,
f55380,f246,50,f7894900300017,3.99,2.709999999966666,22021000,SCHW TONICA LT6,10/03/2024,
f55380 - FD,f10720239,50,f7894900300048,23.5,16.2599999998,22021000,SCHW TONICA LT6,10/03/2024,
f55459,f65,50,f7894900031515,11.2,7.359999999999999,22021000,FTA LAR PET 2L,10/11/2024,
f55459 - FD,f6720236,50,f27894900031519,66.5,44.16,22021000,FTA LAR PET 2L,10/11/2024,
f55477,f7781,50,f7894900911510,9.2,6.010000000033333,22021000,KUAT PET 2L 06un,10/11/2024,
f55477 - FD,f6720235,50,f27894900911514,54.2,36.0600000002,22021000,KUAT PET 2L 06un,10/11/2024,
f55568,f2294,20,f7894900014211,5.99,4.893541666711111,22021000,CC PET RET 2L 9,10/11/2024,
f55568 - FD,f22620235,20,f17894900014218,211.5,176.1675000016,22021000,CC PET RET 2L 9,10/11/2024,
f55569 - FD,f67202310,50,f27894900701511,199.99,133.07999999999998,22021000,CC Sem Acucar PET 2L 6U FL,10/03/2024,
f55609,f67,20,f7894900015119,3.99,2.971875,22021000,CC LS 12 STD,10/11/2024,
f55609 - FD,f22620236,20,f27894900015113,85.99,71.32499999999999,22021000,CC LS 12 STD,10/11/2024,
f55935,f924,50,f7894900011609,6.2,3.755000000033333,22021000,CC Pet 600ml 6 Pack FL,10/11/2024,
f55935 - FD,f23620230,50,f27894900011603,67.99,45.0600000004,22021000,CC Pet 600ml 6 Pack FL,10/11/2024,
f56071 - FD,f17720236,50,f27894900093050,62.99,41.8200000002,22021000,FTA GUA PET 2L 6U FL,10/01/2024,
f56269 - FD,f10720237,50,f17894900681038,22.2,15.2999999998,22021000,SPRITE ORIGINAL LT 350ml 6U FL,10/03/2024,
f56350 - FD,f17720237,50,f17894900681243,66.99,44.355,22021000,SPRITE ORIGINAL PET 600ml 6U FL,10/03/2024,
f56443 - FD,f20720230,50,f7894900702217,26.2,17.4,22021000,CC Sem Acucar PET 200ml 12U FI MAIN,10/11/2024,
f118608 - FD,f28122349,50,f17891098040906,85.99,31.8,22021000,"ICE PESSEGO  PET 1,5L (6) CP",5/23/2024,
f118955 - FD,f28820231,50,f17894900556053,23.99,15.8399999998,22021000,DV FRUT LARANJA PET 450ML 6P CP,07/29/2024,
f118798 - FD,f29620234,50,f17894900550051,23.99,16.139999999800004,22021000,DV FRUT UVA PET 450ML 6P CP,09/02/2024,
f119135 - FD,f10720230,50,f17894900666509,23.99,15.8399999998,22021000,DV FRUT FRUTAS CITRICAS PET 450ML 6P CP,5/23/2024,
f118198 - FD,f6720237,50,f17894900504009,54.99,36.4399999996,22029900,Powerade Mountain Blast  PT500 06 CP,09/26/2024,
f118768,f6557,50,f7891098040602,8.99,5.810000000033333,22021000,"MATTE LEAO PESSEGO PET 1,5L (6) CP",08/29/2024,
f118768 - FD,f20720233,50,f17891098040609,51.5,34.8600000002,22021000,"MATTE LEAO PESSEGO PET 1,5L (6) CP",08/29/2024,
f118990,f4720233,50,f0070847033301,9.99,6.629999999966667,22029900,Monster Mango Loco Lata 473ml 06UN CP,10/11/2024,
f118990 - FD,f4720234,50,f0070847033318,59.99,39.7799999998,22029900,Monster Mango Loco Lata 473ml 06UN CP,10/11/2024,
f119513 - FD,f28820232,50,f17894900500001,29.2,20.0999999998,22029900,Powerade Limao PET 500ml 06 CP,10/11/2024,
f55286 - FD,f107202310,50,f27894900050015,22.2,15.2999999998,22021000,FANTA UVA LT 06UN FL,10/11/2024,
f55388,f921,50,f7894900700015,4.2,2.8016666666333334,22021000,CC Sem Acucar LT 350ml 6U FL,10/01/2024,
f55388 - FD,f27720235,50,f7894900709834,25.5,16.8099999998,22021000,CC Sem Acucar LT 350ml 6U FL,10/01/2024,
f55404,f699,50,f7894900010015,4.2,2.800833333366666,22021000,COCA COLA LT12 350ML FL,10/11/2024,
f55404 - FD,f4720230,50,f47894900010013,50.5,33.6100000004,22021000,COCA COLA LT12 350ML FL,10/11/2024,
f55569 - FD,f67202310,50,f27894900701511,199.99,133.07999999999998,22021000,CC Sem Acucar PET 2L 6U FL,10/03/2024,
f55934,f926,50,f7894900701609,6.2,3.755000000033333,22021000,CC Sem Acucar PET 600ml 6U FL,10/08/2024,
f55934 - FD,f16720234,50,f27894900701603,67.99,45.0600000004,22021000,CC Sem Acucar PET 600ml 6U FL,10/08/2024,
f56010,f7596,50,f7894900910018,3.99,2.45,22021000,KUAT LATA 350ML CX C/6,08/29/2024,
f56010 - FD,f10720238,50,f27894900910012,21.2,14.7,22021000,KUAT LATA 350ML CX C/6,08/29/2024,
f56326,f6815,20,f7894900704211,5.99,4.983749999966666,22021000,CC Sem Acucar PET RET 2L 09U,10/11/2024,
f56326 - FD,f23620232,20,f17894900704218,215.5,179.4149999988,22021000,CC Sem Acucar PET RET 2L 09U,10/11/2024,
f92527 - FD,f4122319,50,f17894900530008,22.5,15.6,22011000,CRYSTAL 500ML SEM GAS 12UN CP,09/24/2024,
f55380 - FD,f10720239,50,f7894900300048,23.5,16.2599999998,22021000,SCHW TONICA LT6,10/03/2024,
f55404,f699,50,f7894900010015,4.2,2.800833333366666,22021000,COCA COLA LT12 350ML FL,10/11/2024,
f55404 - FD,f4720230,50,f47894900010013,50.5,33.6100000004,22021000,COCA COLA LT12 350ML FL,10/11/2024,
f55459,f65,50,f7894900031515,11.2,7.359999999999999,22021000,FTA LAR PET 2L,10/11/2024,
f55459 - FD,f6720236,50,f27894900031519,66.5,44.16,22021000,FTA LAR PET 2L,10/11/2024,
f55568,f2294,20,f7894900014211,5.99,4.893541666711111,22021000,CC PET RET 2L 9,10/11/2024,
f55568 - FD,f22620235,20,f17894900014218,211.5,176.1675000016,22021000,CC PET RET 2L 9,10/11/2024,
f55569 - FD,f67202310,50,f27894900701511,199.99,133.07999999999998,22021000,CC Sem Acucar PET 2L 6U FL,10/03/2024,
f55609,f67,20,f7894900015119,3.99,2.971875,22021000,CC LS 12 STD,10/11/2024,
f55609 - FD,f22620236,20,f27894900015113,85.99,71.32499999999999,22021000,CC LS 12 STD,10/11/2024,
f55934,f926,50,f7894900701609,6.2,3.755000000033333,22021000,CC Sem Acucar PET 600ml 6U FL,10/08/2024,
f55934 - FD,f16720234,50,f27894900701603,67.99,45.0600000004,22021000,CC Sem Acucar PET 600ml 6U FL,10/08/2024,
f55935,f924,50,f7894900011609,6.2,3.755000000033333,22021000,CC Pet 600ml 6 Pack FL,10/11/2024,
f55935 - FD,f23620230,50,f27894900011603,67.99,45.0600000004,22021000,CC Pet 600ml 6 Pack FL,10/11/2024,
f56271,f933,50,f7894900681000,10.99,7.359999999999999,22021000,SPRITE ORIGINAL PET 2L 6U FL,10/11/2024,
f56271 - FD,f3720237,50,f17894900681069,66.5,44.16,22021000,SPRITE ORIGINAL PET 2L 6U FL,10/11/2024,
f56298 - FD,f6720238,50,f7894900012217,46.99,31.3299999992,22021000,Coca-Cola PET 200ml 12U MAINLINE,10/11/2024,
f56326,f6815,20,f7894900704211,5.99,4.983749999966666,22021000,CC Sem Acucar PET RET 2L 09U,10/11/2024,
f56326 - FD,f23620232,20,f17894900704218,215.5,179.4149999988,22021000,CC Sem Acucar PET RET 2L 09U,10/11/2024,
f56350 - FD,f17720237,50,f17894900681243,66.99,44.355,22021000,SPRITE ORIGINAL PET 600ml 6U FL,10/03/2024,
f56366,f6539,20,f7894900034219,7.49,5.060000000011112,22021000,FTA LAR PET RET 2L_TRI,10/03/2024,
f56366 - FD,f23620233,20,f17894900034216,68.5,45.54000000010001,22021000,FTA LAR PET RET 2L_TRI,10/03/2024,
f56424,f72797,35,f7894900027013,9.98,6.8975608889,22021000,COCA-COLA ORIGINAL PET 2L (6) FL,09/12/2024,
f56424 - FD,f6720239,50,f27894900027017,4655.99,3103.902400005,22021000,COCA-COLA ORIGINAL PET 2L (6) FL,09/12/2024,
f56424,f72797,35,f7894900027013,9.98,6.8975608889,22021000,COCA-COLA ORIGINAL PET 2L (6) FL,09/12/2024,
f56424 - FD,f6720239,50,f27894900027017,4655.99,3103.902400005,22021000,COCA-COLA ORIGINAL PET 2L (6) FL,09/12/2024,
f118759,f7197,50,f7891098040565,8.99,5.809999999966666,22021000,"MATTE LEAO NATURAL PET 1,5L (6) CP",08/29/2024,
f118759 - FD,f16720233,50,f17891098040562,51.5,34.8599999998,22021000,"MATTE LEAO NATURAL PET 1,5L (6) CP",08/29/2024,
f118765,f228844,50,f7891098040589,8.99,5.810000000033333,22021000,"MATTE LEAO LIMAO PET 1,5L (6) CP",10/11/2024,
f118765 - FD,f4720236,50,f17891098040586,51.5,34.8600000002,22021000,"MATTE LEAO LIMAO PET 1,5L (6) CP",10/11/2024,
f55286 - FD,f107202310,50,f27894900050015,22.2,15.2999999998,22021000,FANTA UVA LT 06UN FL,10/11/2024,
f55459,f65,50,f7894900031515,11.2,7.359999999999999,22021000,FTA LAR PET 2L,10/11/2024,
f55459 - FD,f6720236,50,f27894900031519,66.5,44.16,22021000,FTA LAR PET 2L,10/11/2024,
f55477,f7781,50,f7894900911510,9.2,6.010000000033333,22021000,KUAT PET 2L 06un,10/11/2024,
f55477 - FD,f6720235,50,f27894900911514,54.2,36.0600000002,22021000,KUAT PET 2L 06un,10/11/2024,
f55568,f2294,20,f7894900014211,5.99,4.893541666711111,22021000,CC PET RET 2L 9,10/11/2024,
f55568 - FD,f22620235,20,f17894900014218,211.5,176.1675000016,22021000,CC PET RET 2L 9,10/11/2024,
f55569 - FD,f67202310,50,f27894900701511,199.99,133.07999999999998,22021000,CC Sem Acucar PET 2L 6U FL,10/03/2024,
f55609,f67,20,f7894900015119,3.99,2.971875,22021000,CC LS 12 STD,10/11/2024,
f55609 - FD,f22620236,20,f27894900015113,85.99,71.32499999999999,22021000,CC LS 12 STD,10/11/2024,
f55990 - FD,f3820231,50,f27894900053634,35.2,23.4,22021000,FANTA Uva 600ml 06Pack F.Liso,08/08/2024,
f56071 - FD,f17720236,50,f27894900093050,62.99,41.8200000002,22021000,FTA GUA PET 2L 6U FL,10/01/2024,
f56102 - FD,f16720236,50,f27894900031601,66.99,44.355,22021000,FTA LAR PET 600ml 6U FL,10/11/2024,
f56271,f933,50,f7894900681000,10.99,7.359999999999999,22021000,SPRITE ORIGINAL PET 2L 6U FL,10/11/2024,
f56271 - FD,f3720237,50,f17894900681069,66.5,44.16,22021000,SPRITE ORIGINAL PET 2L 6U FL,10/11/2024,
f56298 - FD,f6720238,50,f7894900012217,46.99,31.3299999992,22021000,Coca-Cola PET 200ml 12U MAINLINE,10/11/2024,
f56443 - FD,f20720230,50,f7894900702217,26.2,17.4,22021000,CC Sem Acucar PET 200ml 12U FI MAIN,10/11/2024,
f118067,f1874,50,f7898341430036,10.5,7.29,22029900,D.V Mais Pessego1Litro 6,10/08/2024,
f118067 - FD,f14820230,50,f17898341431603,65.99,43.74,22029900,D.V Mais Pessego1Litro 6,10/08/2024,
f55380 - FD,f10720239,50,f7894900300048,23.5,16.2599999998,22021000,SCHW TONICA LT6,10/03/2024,
f55404,f699,50,f7894900010015,4.2,2.800833333366666,22021000,COCA COLA LT12 350ML FL,10/11/2024,
f55404 - FD,f4720230,50,f47894900010013,50.5,33.6100000004,22021000,COCA COLA LT12 350ML FL,10/11/2024,
f55459,f65,50,f7894900031515,11.2,7.359999999999999,22021000,FANTA LARANJA PET 2L (06),10/11/2024,
f55459 - FD,f6720236,50,f27894900031519,66.5,44.16,22021000,FANTA LARANJA PET 2L (06),10/11/2024,
f55568,f2294,20,f7894900014211,5.99,4.893541666711111,22021000,CC PET RET 2L 9,10/11/2024,
f55568 - FD,f22620235,20,f17894900014218,211.5,176.1675000016,22021000,CC PET RET 2L 9,10/11/2024,
f55569 - FD,f67202310,50,f27894900701511,199.99,133.07999999999998,22021000,CC Sem Acucar PET 2L 6U FL,10/03/2024,
f55609,f67,20,f7894900015119,3.99,2.971875,22021000,CC LS 12 STD,10/11/2024,
f55609 - FD,f22620236,20,f27894900015113,85.99,71.32499999999999,22021000,CC LS 12 STD,10/11/2024,
f55934,f926,50,f7894900701609,6.2,3.755000000033333,22021000,CC Sem Acucar PET 600ml 6U FL,10/08/2024,
f55934 - FD,f16720234,50,f27894900701603,67.99,45.0600000004,22021000,CC Sem Acucar PET 600ml 6U FL,10/08/2024,
f55935,f924,50,f7894900011609,6.2,3.755000000033333,22021000,CC Pet 600ml 6 Pack FL,10/11/2024,
f55935 - FD,f23620230,50,f27894900011603,67.99,45.0600000004,22021000,CC Pet 600ml 6 Pack FL,10/11/2024,
f56071 - FD,f17720236,50,f27894900093050,62.99,41.8200000002,22021000,FTA GUA PET 2L 6U FL,10/01/2024,
f56074 - FD,f16720235,50,f7894900093063,23.2,14.3999999998,22021000,FTA GUA LT 350ml 6U FI MAINLINE,07/15/2024,
f56238,f72350,50,f7894900680508,4.99,3.2216666667,22021000,SPRITE FRESH LIMAO PET 510ml 6U FL,10/11/2024,
f56238 - FD,f16720237,50,f17894900680512,29.2,19.3300000002,22021000,SPRITE FRESH LIMAO PET 510ml 6U FL,10/11/2024,
f56298 - FD,f6720238,50,f7894900012217,46.99,31.3299999992,22021000,Coca-Cola PET 200ml 12U MAINLINE,10/11/2024,
f56312 - FD,f10720236,50,f7894900180510,24.5,16.2599999998,22021000,SCHW CITRUS ORIGINAL LT 350ML 6U FI,10/03/2024,
f56568 - FD,f10720233,50,f7894900681192,26.2,17.4000000004,22021000,Sprite PET 200ml 12U FI MAIN,08/23/2024,
f55388,f921,50,7894900700015,4.2,2.8016666666333334,22021000,CC Sem Acucar LT 350ml 6U FL,10/01/2024,
f55388 - FD,f27720235,50,7894900709834,25.5,16.8099999998,22021000,CC Sem Acucar LT 350ml 6U FL,10/01/2024,
f55404,f699,50,7894900010015,4.2,2.800833333366666,22021000,COCA COLA LT12 350ML FL,10/11/2024,
f55404 - FD,f4720230,50,47894900010013,50.5,33.6100000004,22021000,COCA COLA LT12 350ML FL,10/11/2024,
f55459,f65,50,7894900031515,11.2,7.359999999999999,22021000,FANTA LARANJA PET 2L (06),10/11/2024,
f55459 - FD,f6720236,50,27894900031519,66.5,44.16,22021000,FANTA LARANJA PET 2L (06),10/11/2024,
f55477,f7781,50,7894900911510,9.2,6.010000000033333,22021000,KUAT PET 2L 06un,10/11/2024,
f55477 - FD,f6720235,50,27894900911514,54.2,36.0600000002,22021000,KUAT PET 2L 06un,10/11/2024,
f55568,f2294,20,7894900014211,5.99,4.893541666711111,22021000,CC PET RET 2L 9,10/11/2024,
f55568 - FD,f22620235,20,17894900014218,211.5,176.1675000016,22021000,CC PET RET 2L 9,10/11/2024,
f55609,f67,20,7894900015119,3.99,2.971875,22021000,CC LS 12 STD,10/11/2024,
f55609 - FD,f22620236,20,27894900015113,85.99,71.32499999999999,22021000,CC LS 12 STD,10/11/2024,
f55934,f926,50,7894900701609,6.2,3.755000000033333,22021000,CC Sem Acucar PET 600ml 6U FL,10/08/2024,
f55934 - FD,f16720234,50,27894900701603,67.99,45.0600000004,22021000,CC Sem Acucar PET 600ml 6U FL,10/08/2024,
f55935,f924,50,7894900011609,6.2,3.755000000033333,22021000,CC Pet 600ml 6 Pack FL,10/11/2024,
f55935 - FD,f23620230,50,27894900011603,67.99,45.0600000004,22021000,CC Pet 600ml 6 Pack FL,10/11/2024,
f56238,f72350,50,7894900680508,4.99,3.2216666667,22021000,SPRITE FRESH LIMAO PET 510ml 6U FL,10/11/2024,
f56238 - FD,f16720237,50,17894900680512,29.2,19.3300000002,22021000,SPRITE FRESH LIMAO PET 510ml 6U FL,10/11/2024,
f56271,f933,50,7894900681000,10.99,7.359999999999999,22021000,SPRITE ORIGINAL PET 2L 6U FL,10/11/2024,
f56271 - FD,f3720237,50,17894900681069,66.5,44.16,22021000,SPRITE ORIGINAL PET 2L 6U FL,10/11/2024,
f56287 - FD,f16720238,50,7894900025026,15.99,10.62,22021000,Coca-Cola Cafe Espresso LT 220ml 6U FI,10/03/2024,
f56298 - FD,f6720238,50,7894900012217,46.99,31.3299999992,22021000,Coca-Cola PET 200ml 12U MAINLINE,10/11/2024,
f56326,f6815,20,7894900704211,5.99,4.983749999966666,22021000,CC Sem Acucar PET RET 2L 09U,10/11/2024,
f56326 - FD,f23620232,20,17894900704218,215.5,179.4149999988,22021000,CC Sem Acucar PET RET 2L 09U,10/11/2024,
f56350 - FD,f17720237,50,17894900681243,66.99,44.355,22021000,SPRITE ORIGINAL PET 600ml 6U FL,10/03/2024,
f56366,f6539,20,7894900034219,7.49,5.060000000011112,22021000,FTA LAR PET RET 2L_TRI,10/03/2024,
f56366 - FD,f23620233,20,17894900034216,68.5,45.54000000010001,22021000,FTA LAR PET RET 2L_TRI,10/03/2024,
f118768,f6557,50,7891098040602,8.99,5.810000000033333,22021000,"MATTE LEAO PESSEGO PET 1,5L (6) CP",08/29/2024,
f118768 - FD,f20720233,50,17891098040609,51.5,34.8600000002,22021000,"MATTE LEAO PESSEGO PET 1,5L (6) CP",08/29/2024,
f118765,f228844,50,7891098040589,8.99,5.810000000033333,22021000,"MATTE LEAO LIMAO PET 1,5L (6) CP",10/11/2024,
f118765 - FD,f4720236,50,17891098040586,51.5,34.8600000002,22021000,"MATTE LEAO LIMAO PET 1,5L (6) CP",10/11/2024,
f118463,f1095,50,0070847022015,9.99,5.974166666633334,22029900,Monster Energy LT 473ml 6Pack FL CP,10/11/2024,
f118463 - FD,f22620230,50,0070847022503,107.99,71.6899999996,22029900,Monster Energy LT 473ml 6Pack FL CP,10/11/2024,
f139474,f0209221,50,7898367983790,6.5,3.38,22030000,Eisenbahn LT 350ml 12U Pilsen,09/12/2024,
f139474 - FD,f2222478,50,7898367984018,75.5,40.56,22030000,Eisenbahn LT 350ml 12U Pilsen,09/12/2024,
f56443 - FD,f20720230,50,7894900702217,26.2,17.4,22021000,CC Sem Acucar PET 200ml 12U FI MAIN,10/11/2024,
f92527 - FD,f4122319,50,17894900530008,22.5,15.6,22011000,CRYSTAL 500ML SEM GAS 12UN CP,09/24/2024,
f118200 - FD,f29620233,50,17894900501008,30.2,20.0999999998,22029900,Powerade Uva S.Cap PT500 06 CP,10/03/2024,
f118198 - FD,f6720237,50,17894900504009,54.99,36.4399999996,22029900,Powerade Mountain Blast  PT500 06 CP,09/26/2024,
f118463,f1095,50,0070847022015,9.99,5.974166666633334,22029900,Monster Energy LT 473ml 6Pack FL CP,10/11/2024,
f118463 - FD,f22620230,50,0070847022503,107.99,71.6899999996,22029900,Monster Energy LT 473ml 6Pack FL CP,10/11/2024,
f119143,f2804221,50,7894900087000,8.5,5.52,22029900,ADES ABACAXI TP 1L 6U CP,6/17/2024,
f119143 - FD,f1762455,50,17894900087007,49.99,33.12,22029900,ADES ABACAXI TP 1L 6U CP,6/17/2024,
f119513 - FD,f28820232,50,17894900500001,29.2,20.0999999998,22029900,Powerade Limao PET 500ml 06 CP,10/11/2024,
f119555 - FD,f219202387,50,17894900502043,30.2,20.0999999998,22029900,Powerade Tangerina PET 500mL 06 CP,09/05/2024,
f55286 - FD,f107202310,50,27894900050015,22.2,15.2999999998,22021000,FANTA UVA LT 06UN FL,10/11/2024,
f55380 - FD,f10720239,50,7894900300048,23.5,16.2599999998,22021000,SCHW TONICA LT6,10/03/2024,
f55459,f65,50,7894900031515,11.2,7.359999999999999,22021000,FANTA LARANJA PET 2L (06),10/11/2024,
f55459 - FD,f6720236,50,27894900031519,66.5,44.16,22021000,FANTA LARANJA PET 2L (06),10/11/2024,
f55477,f7781,50,7894900911510,9.2,6.010000000033333,22021000,KUAT PET 2L 06un,10/11/2024,
f55477 - FD,f6720235,50,27894900911514,54.2,36.0600000002,22021000,KUAT PET 2L 06un,10/11/2024,
f55568,f2294,20,7894900014211,5.99,4.893541666711111,22021000,CC PET RET 2L 9,10/11/2024,
f55568 - FD,f22620235,20,17894900014218,211.5,176.1675000016,22021000,CC PET RET 2L 9,10/11/2024,
f55569 - FD,f67202310,50,27894900701511,199.99,133.07999999999998,22021000,CC Sem Acucar PET 2L 6U FL,10/03/2024,
f55935,f924,50,7894900011609,6.2,3.755000000033333,22021000,CC Pet 600ml 6 Pack FL,10/11/2024,
f55935 - FD,f23620230,50,27894900011603,67.99,45.0600000004,22021000,CC Pet 600ml 6 Pack FL,10/11/2024,
f56010,f7596,50,7894900910018,3.99,2.45,22021000,KUAT LATA 350ML CX C/6,08/29/2024,
f56010 - FD,f10720238,50,27894900910012,21.2,14.7,22021000,KUAT LATA 350ML CX C/6,08/29/2024,
f56102 - FD,f16720236,50,27894900031601,66.99,44.355,22021000,FTA LAR PET 600ml 6U FL,10/11/2024,
f56271,f933,50,7894900681000,10.99,7.359999999999999,22021000,SPRITE ORIGINAL PET 2L 6U FL,10/11/2024,
f56271 - FD,f3720237,50,17894900681069,66.5,44.16,22021000,SPRITE ORIGINAL PET 2L 6U FL,10/11/2024,
f56443 - FD,f20720230,50,7894900702217,26.2,17.4,22021000,CC Sem Acucar PET 200ml 12U FI MAIN,10/11/2024,
f119514 - FD,f22620233,50,7894900508024,29.2,20.0999999998,22029900,Powerade Frutas Tropicais PET 500ml 06CP,09/26/2024,
f118798 - FD,f29620234,50,17894900550051,23.99,16.139999999800004,22021000,DV FRUT UVA PET 450ML 6P CP,09/02/2024,
f118768,f6557,50,7891098040602,8.99,5.810000000033333,22021000,"MATTE LEAO PESSEGO PET 1,5L (6) CP",08/29/2024,
f118768 - FD,f20720233,50,17891098040609,51.5,34.8600000002,22021000,"MATTE LEAO PESSEGO PET 1,5L (6) CP",08/29/2024,
f118062,f657,50,7898341430111,10.5,7.29,22029900,D.V Mais Laranja 1Litro 6,09/26/2024,
f118062 - FD,f4720238,50,17898341431658,65.99,43.74,22029900,D.V Mais Laranja 1Litro 6,09/26/2024,
f118463,f1095,50,0070847022015,9.99,5.974166666633334,22029900,Monster Energy LT 473ml 6Pack FL CP,10/11/2024,
f118463 - FD,f22620230,50,0070847022503,107.99,71.6899999996,22029900,Monster Energy LT 473ml 6Pack FL CP,10/11/2024,
f118759,f7197,50,7891098040565,8.99,5.809999999966666,22021000,"MATTE LEAO NATURAL PET 1,5L (6) CP",08/29/2024,
f118759 - FD,f16720233,50,17891098040562,51.5,34.8599999998,22021000,"MATTE LEAO NATURAL PET 1,5L (6) CP",08/29/2024,
f118765,f228844,50,7891098040589,8.99,5.810000000033333,22021000,"MATTE LEAO LIMAO PET 1,5L (6) CP",10/11/2024,
f118765 - FD,f4720236,50,17891098040586,51.5,34.8600000002,22021000,"MATTE LEAO LIMAO PET 1,5L (6) CP",10/11/2024,
f55286 - FD,f107202310,50,27894900050015,22.2,15.2999999998,22021000,FANTA UVA LT 06UN FL,10/11/2024,
f55380 - FD,f10720239,50,7894900300048,23.5,16.2599999998,22021000,SCHW TONICA LT6,10/03/2024,
f55388,f921,50,7894900700015,4.2,2.8016666666333334,22021000,CC Sem Acucar LT 350ml 6U FL,10/01/2024,
f55388 - FD,f27720235,50,7894900709834,25.5,16.8099999998,22021000,CC Sem Acucar LT 350ml 6U FL,10/01/2024,
f55404,f699,50,7894900010015,4.2,2.800833333366666,22021000,COCA COLA LT12 350ML FL,10/11/2024,
f55404 - FD,f4720230,50,47894900010013,50.5,33.6100000004,22021000,COCA COLA LT12 350ML FL,10/11/2024,
f55459,f65,50,7894900031515,11.2,7.359999999999999,22021000,FANTA LARANJA PET 2L (06),10/11/2024,
f55459 - FD,f6720236,50,27894900031519,66.5,44.16,22021000,FANTA LARANJA PET 2L (06),10/11/2024,
f55568,f2294,20,7894900014211,5.99,4.893541666711111,22021000,CC PET RET 2L 9,10/11/2024,
f55568 - FD,f22620235,20,17894900014218,211.5,176.1675000016,22021000,CC PET RET 2L 9,10/11/2024,
f55569 - FD,f67202310,50,27894900701511,199.99,133.07999999999998,22021000,CC Sem Acucar PET 2L 6U FL,10/03/2024,
f55609,f67,20,7894900015119,3.99,2.971875,22021000,CC LS 12 STD,10/11/2024,
f55609 - FD,f22620236,20,27894900015113,85.99,71.32499999999999,22021000,CC LS 12 STD,10/11/2024,
f55935,f924,50,7894900011609,6.2,3.755000000033333,22021000,CC Pet 600ml 6 Pack FL,10/11/2024,
f55935 - FD,f23620230,50,27894900011603,67.99,45.0600000004,22021000,CC Pet 600ml 6 Pack FL,10/11/2024,
f56010,f7596,50,7894900910018,3.99,2.45,22021000,KUAT LATA 350ML CX C/6,08/29/2024,
f56010 - FD,f10720238,50,27894900910012,21.2,14.7,22021000,KUAT LATA 350ML CX C/6,08/29/2024,
f56102 - FD,f16720236,50,27894900031601,66.99,44.355,22021000,FTA LAR PET 600ml 6U FL,10/11/2024,
f56271,f933,50,7894900681000,10.99,7.359999999999999,22021000,SPRITE ORIGINAL PET 2L 6U FL,10/11/2024,
f56271 - FD,f3720237,50,17894900681069,66.5,44.16,22021000,SPRITE ORIGINAL PET 2L 6U FL,10/11/2024,
f56298 - FD,f6720238,50,7894900012217,46.99,31.3299999992,22021000,Coca-Cola PET 200ml 12U MAINLINE,10/11/2024,
f56312 - FD,f10720236,50,7894900180510,24.5,16.2599999998,22021000,SCHW CITRUS ORIGINAL LT 350ML 6U FI,10/03/2024,
f56326,f6815,20,7894900704211,5.99,4.983749999966666,22021000,CC Sem Acucar PET RET 2L 09U,10/11/2024,
f56326 - FD,f23620232,20,17894900704218,215.5,179.4149999988,22021000,CC Sem Acucar PET RET 2L 09U,10/11/2024,
f139289,f102,50,7896045512317,4.2,2.69,22030000,KAI PIL LT 12,10/11/2024,
f118223,f687,50,7891098000637,4.2,2.36,22021000,MATTE LIMAO COPO 300ML CP,6/24/2024,
f118223 - FD,f510202375,50,17891098020632,42.5,28.32,22021000,MATTE LIMAO COPO 300ML CP,6/24/2024,
f118463,f1095,50,0070847022015,9.99,5.974166666633334,22029900,Monster Energy LT 473ml 6Pack FL CP,10/11/2024,
f118463 - FD,f22620230,50,0070847022503,107.99,71.6899999996,22029900,Monster Energy LT 473ml 6Pack FL CP,10/11/2024,
f119509,f8122369,50,7898938890045,9.99,6.629999999966667,22029900,Monster Pipeline Punch LT 473ml 6U FL CP,10/11/2024,
f119509 - FD,f8122398,50,7898938890052,59.99,39.7799999998,22029900,Monster Pipeline Punch LT 473ml 6U FL CP,10/11/2024,
f55459,f65,50,7894900031515,11.2,7.359999999999999,22021000,FANTA LARANJA PET 2L (06),10/11/2024,
f55459 - FD,f6720236,50,27894900031519,66.5,44.16,22021000,FANTA LARANJA PET 2L (06),10/11/2024,
f55568,f2294,20,7894900014211,5.99,4.893541666711111,22021000,CC PET RET 2L 9,10/11/2024,
f55568 - FD,f22620235,20,17894900014218,211.5,176.1675000016,22021000,CC PET RET 2L 9,10/11/2024,
f55609,f67,20,7894900015119,3.99,2.971875,22021000,CC LS 12 STD,10/11/2024,
f55609 - FD,f22620236,20,27894900015113,85.99,71.32499999999999,22021000,CC LS 12 STD,10/11/2024,
f55707,f63,50,7894900911602,5.99,3.85,22021000,KUAT PET 600 06un F.Liso,09/02/2024,
f55707 - FD,f67202311,50,17894900911609,34.99,23.1,22021000,KUAT PET 600 06un F.Liso,09/02/2024,
f55934,f926,50,7894900701609,6.2,3.755000000033333,22021000,CC Sem Acucar PET 600ml 6U FL,10/08/2024,
f55934 - FD,f16720234,50,27894900701603,67.99,45.0600000004,22021000,CC Sem Acucar PET 600ml 6U FL,10/08/2024,
f55935,f924,50,7894900011609,6.2,3.755000000033333,22021000,CC Pet 600ml 6 Pack FL,10/11/2024,
f55935 - FD,f23620230,50,27894900011603,67.99,45.0600000004,22021000,CC Pet 600ml 6 Pack FL,10/11/2024,
f56238,f72350,50,7894900680508,4.99,3.2216666667,22021000,SPRITE FRESH LIMAO PET 510ml 6U FL,10/11/2024,
f56238 - FD,f16720237,50,17894900680512,29.2,19.3300000002,22021000,SPRITE FRESH LIMAO PET 510ml 6U FL,10/11/2024,
f56271,f933,50,7894900681000,10.99,7.359999999999999,22021000,SPRITE ORIGINAL PET 2L 6U FL,10/11/2024,
f56271 - FD,f3720237,50,17894900681069,66.5,44.16,22021000,SPRITE ORIGINAL PET 2L 6U FL,10/11/2024,
f56326,f6815,20,7894900704211,5.99,4.983749999966666,22021000,CC Sem Acucar PET RET 2L 09U,10/11/2024,
f56326 - FD,f23620232,20,17894900704218,215.5,179.4149999988,22021000,CC Sem Acucar PET RET 2L 09U,10/11/2024,
f56350 - FD,f17720237,50,17894900681243,66.99,44.355,22021000,SPRITE ORIGINAL PET 600ml 6U FL,10/03/2024,
f119530,f7106,50,7894900558623,5.99,4.129999999966667,22021000,"DV FRESH LIMAO PET 1,5L 6P CP NOVO",10/01/2024,
f119530 - FD,f259202393,50,17894900558620,37.2,24.7799999998,22021000,"DV FRESH LIMAO PET 1,5L 6P CP NOVO",10/01/2024,
f55404,f699,50,7894900010015,4.2,2.800833333366666,22021000,COCA COLA LT12 350ML FL,10/11/2024,
f55404 - FD,f4720230,50,47894900010013,50.5,33.6100000004,22021000,COCA COLA LT12 350ML FL,10/11/2024,
f55459,f65,50,7894900031515,11.2,7.359999999999999,22021000,FANTA LARANJA PET 2L (06),10/11/2024,
f55459 - FD,f6720236,50,27894900031519,66.5,44.16,22021000,FANTA LARANJA PET 2L (06),10/11/2024,
f55568,f2294,20,7894900014211,5.99,4.893541666711111,22021000,CC PET RET 2L 9,10/11/2024,
f55568 - FD,f22620235,20,17894900014218,211.5,176.1675000016,22021000,CC PET RET 2L 9,10/11/2024,
f55569 - FD,f67202310,50,27894900701511,199.99,133.07999999999998,22021000,CC Sem Acucar PET 2L 6U FL,10/03/2024,
f55609,f67,20,7894900015119,3.99,2.971875,22021000,CC LS 12 STD,10/11/2024,
f55609 - FD,f22620236,20,27894900015113,85.99,71.32499999999999,22021000,CC LS 12 STD,10/11/2024,
f55934,f926,50,7894900701609,6.2,3.755000000033333,22021000,CC Sem Acucar PET 600ml 6U FL,10/08/2024,
f55934 - FD,f16720234,50,27894900701603,67.99,45.0600000004,22021000,CC Sem Acucar PET 600ml 6U FL,10/08/2024,
f56071 - FD,f17720236,50,27894900093050,62.99,41.8200000002,22021000,FTA GUA PET 2L 6U FL,10/01/2024,
f56287 - FD,f16720238,50,7894900025026,15.99,10.62,22021000,Coca-Cola Cafe Espresso LT 220ml 6U FI,10/03/2024,
f56298 - FD,f6720238,50,7894900012217,46.99,31.3299999992,22021000,Coca-Cola PET 200ml 12U MAINLINE,10/11/2024,
f56312 - FD,f10720236,50,7894900180510,24.5,16.2599999998,22021000,SCHW CITRUS ORIGINAL LT 350ML 6U FI,10/03/2024,
f56326,f6815,20,7894900704211,5.99,4.983749999966666,22021000,CC Sem Acucar PET RET 2L 09U,10/11/2024,
f56326 - FD,f23620232,20,17894900704218,215.5,179.4149999988,22021000,CC Sem Acucar PET RET 2L 09U,10/11/2024,
f56366,f6539,20,7894900034219,7.49,5.060000000011112,22021000,FTA LAR PET RET 2L_TRI,10/03/2024,
f56366 - FD,f23620233,20,17894900034216,68.5,45.54000000010001,22021000,FTA LAR PET RET 2L_TRI,10/03/2024,
f56443 - FD,f20720230,50,7894900702217,26.2,17.4,22021000,CC Sem Acucar PET 200ml 12U FI MAIN,10/11/2024,
f118463,f1095,50,0070847022015,9.99,5.974166666633334,22029900,Monster Energy LT 473ml 6Pack FL CP,10/11/2024,
f118463 - FD,f22620230,50,0070847022503,107.99,71.6899999996,22029900,Monster Energy LT 473ml 6Pack FL CP,10/11/2024,
f118765,f228844,50,7891098040589,8.99,5.810000000033333,22021000,"MATTE LEAO LIMAO PET 1,5L (6) CP",10/11/2024,
f118765 - FD,f4720236,50,17891098040586,51.5,34.8600000002,22021000,"MATTE LEAO LIMAO PET 1,5L (6) CP",10/11/2024,
f118768,f6557,50,7891098040602,8.99,5.810000000033333,22021000,"MATTE LEAO PESSEGO PET 1,5L (6) CP",08/29/2024,
f118768 - FD,f20720233,50,17891098040609,51.5,34.8600000002,22021000,"MATTE LEAO PESSEGO PET 1,5L (6) CP",08/29/2024,
f92527 - FD,f4122319,50,17894900530008,22.5,15.6,22011000,CRYSTAL 500ML SEM GAS 12UN CP,09/24/2024,
f139474,f0209221,50,7898367983790,6.5,3.38,22030000,Eisenbahn LT 350ml 12U Pilsen,09/12/2024,
f139474 - FD,f2222478,50,7898367984018,75.5,40.56,22030000,Eisenbahn LT 350ml 12U Pilsen,09/12/2024,
f118200 - FD,f29620233,50,17894900501008,30.2,20.0999999998,22029900,Powerade Uva S.Cap PT500 06 CP,10/03/2024,
f118213,f3303,50,7891098037015,2.99,1.8789583333666668,22021000,GUA POWER  C/ ACAI  CP300ML CP,10/03/2024,
f118213 - FD,f1785,50,17891098037012,67.99,45.095000000800006,22021000,GUA POWER  C/ ACAI  CP300ML CP,10/03/2024,
f118463,f1095,50,0070847022015,9.99,5.974166666633334,22029900,Monster Energy LT 473ml 6Pack FL CP,10/11/2024,
f118463 - FD,f22620230,50,0070847022503,107.99,71.6899999996,22029900,Monster Energy LT 473ml 6Pack FL CP,10/11/2024,
f119123,f412447,50,7891098041814,4.2,2.720000000033333,22021000,Guarana Power Acai PET 450ml 06U FL CP,08/29/2024,
f119123 - FD,f412472,50,27891098041818,24.5,16.320000000199997,22021000,Guarana Power Acai PET 450ml 06U FL CP,08/29/2024,
f119135 - FD,f10720230,50,17894900666509,43.5,28.9699999996,22021000,DV FRUT FRUTAS CITRICAS PET 450ML 6P CP,7/1/2024,
f119512 - FD,f27720233,50,17894900503002,30.2,20.0999999998,22029900,Powerade Laranja PET 500ml 06 CP,09/26/2024,
f55388,f921,50,7894900700015,4.2,2.8016666666333334,22021000,CC Sem Acucar LT 350ml 6U FL,10/01/2024,
f55388 - FD,f27720235,50,7894900709834,25.5,16.8099999998,22021000,CC Sem Acucar LT 350ml 6U FL,10/01/2024,
f55568,f2294,20,7894900014211,5.99,4.893541666711111,22021000,CC PET RET 2L 9,10/11/2024,
f55568 - FD,f22620235,20,17894900014218,211.5,176.1675000016,22021000,CC PET RET 2L 9,10/11/2024,
f55569 - FD,f67202310,50,27894900701511,199.99,133.07999999999998,22021000,CC Sem Acucar PET 2L 6U FL,10/03/2024,
f55935,f924,50,7894900011609,6.2,3.755000000033333,22021000,CC Pet 600ml 6 Pack FL,10/11/2024,
f55935 - FD,f23620230,50,27894900011603,67.99,45.0600000004,22021000,CC Pet 600ml 6 Pack FL,10/11/2024,
f55990 - FD,f3820231,50,27894900053634,35.2,23.4,22021000,FANTA Uva 600ml 06Pack F.Liso,08/08/2024,
f56008 - FD,f67202313,50,27894900030017,22.2,15.2999999998,22021000,FANTA LAR LATA 350ML CX C/06,10/03/2024,
f92527 - FD,f4122319,50,17894900530008,22.5,15.6,22011000,CRYSTAL 500ML SEM GAS 12UN CP,09/24/2024,
f118069,f667,50,7898341430098,10.5,7.299999999966667,22029900,D.V Mais Uva 1Litro 6,10/03/2024,
f118069 - FD,f16720230,50,17898341431580,65.99,43.79999999980001,22029900,D.V Mais Uva 1Litro 6,10/03/2024,
f118198 - FD,f6720237,50,17894900504009,54.99,36.4399999996,22029900,Powerade Mountain Blast  PT500 06 CP,09/26/2024,
f55380 - FD,f10720239,50,7894900300048,23.5,16.2599999998,22021000,SCHW TONICA LT6,10/03/2024,
f55477,f7781,50,7894900911510,9.2,6.010000000033333,22021000,KUAT PET 2L 06un,10/11/2024,
f55477 - FD,f6720235,50,27894900911514,54.2,36.0600000002,22021000,KUAT PET 2L 06un,10/11/2024,
f55568,f2294,20,7894900014211,5.99,4.893541666711111,22021000,CC PET RET 2L 9,10/11/2024,
f55568 - FD,f22620235,20,17894900014218,211.5,176.1675000016,22021000,CC PET RET 2L 9,10/11/2024,
f55569 - FD,f67202310,50,27894900701511,199.99,133.07999999999998,22021000,CC Sem Acucar PET 2L 6U FL,10/03/2024,
f55609,f67,20,7894900015119,3.99,2.971875,22021000,CC LS 12 STD,10/11/2024,
f55609 - FD,f22620236,20,27894900015113,85.99,71.32499999999999,22021000,CC LS 12 STD,10/11/2024,
f56238,f72350,50,7894900680508,4.99,3.2216666667,22021000,SPRITE FRESH LIMAO PET 510ml 6U FL,10/11/2024,
f56238 - FD,f16720237,50,17894900680512,29.2,19.3300000002,22021000,SPRITE FRESH LIMAO PET 510ml 6U FL,10/11/2024,
f56287 - FD,f16720238,50,7894900025026,15.99,10.62,22021000,Coca-Cola Cafe Espresso LT 220ml 6U FI,10/03/2024,
f56298 - FD,f6720238,50,7894900012217,46.99,31.3299999992,22021000,Coca-Cola PET 200ml 12U MAINLINE,10/11/2024,
f56326,f6815,20,7894900704211,5.99,4.983749999966666,22021000,CC Sem Acucar PET RET 2L 09U,10/11/2024,
f56326 - FD,f23620232,20,17894900704218,215.5,179.4149999988,22021000,CC Sem Acucar PET RET 2L 09U,10/11/2024,
f56424,f72797,35,7894900027013,9.98,6.8975608889,22021000,COCA-COLA ORIGINAL PET 2L (6) FL,09/12/2024,
f56424 - FD,f6720239,50,27894900027017,4655.99,3103.902400005,22021000,COCA-COLA ORIGINAL PET 2L (6) FL,09/12/2024,
f56443 - FD,f20720230,50,7894900702217,26.2,17.4,22021000,CC Sem Acucar PET 200ml 12U FI MAIN,10/11/2024,
f119145,f2405211,50,7894900087062,8.99,5.690000000033333,22029900,ADES MACA TP 1L 6U CP,10/01/2024,
f119145 - FD,f318202388,50,17894900087069,49.99,34.1400000002,22029900,ADES MACA TP 1L 6U CP,10/01/2024,
f119521,f4720231,50,1220000250222,9.99,6.629999999966667,22029900,Monster Ultra Watermelon LT 473ml 06 CP,07/11/2024,
f119521 - FD,f4720232,50,1220000250239,59.99,39.7799999998,22029900,Monster Ultra Watermelon LT 473ml 06 CP,07/11/2024,
f139649,f472415,50,7896371000175,6.99,4.3916666667,22030000,THZ GOLD LAGER GAR LN 355ml CARTONADO 6,7/4/2024,
f139649 - FD,f472489,50,7896371000168,39.99,26.3500000002,22030000,THZ GOLD LAGER GAR LN 355ml CARTONADO 6,7/4/2024,
f119145,f2405211,50,7894900087062,8.99,5.690000000033333,22029900,ADES MACA TP 1L 6U CP,10/01/2024,
f119145 - FD,f318202388,50,17894900087069,49.99,34.1400000002,22029900,ADES MACA TP 1L 6U CP,10/01/2024,
f119521,f4720231,50,1220000250222,9.99,6.629999999966667,22029900,Monster Ultra Watermelon LT 473ml 06 CP,07/11/2024,
f119521 - FD,f4720232,50,1220000250239,59.99,39.7799999998,22029900,Monster Ultra Watermelon LT 473ml 06 CP,07/11/2024,
f139649,f472415,50,7896371000175,6.99,4.3916666667,22030000,THZ GOLD LAGER GAR LN 355ml CARTONADO 6,7/4/2024,
f139649 - FD,f472489,50,7896371000168,39.99,26.3500000002,22030000,THZ GOLD LAGER GAR LN 355ml CARTONADO 6,7/4/2024,
f119509,f8122369,50,7898938890045,9.99,6.629999999966667,22029900,Monster Pipeline Punch LT 473ml 6U FL CP,10/11/2024,
f119509 - FD,f8122398,50,7898938890052,59.99,39.7799999998,22029900,Monster Pipeline Punch LT 473ml 6U FL CP,10/11/2024,
f118768,f6557,50,7891098040602,8.99,5.810000000033333,22021000,"MATTE LEAO PESSEGO PET 1,5L (6) CP",08/29/2024,
f118768 - FD,f20720233,50,17891098040609,51.5,34.8600000002,22021000,"MATTE LEAO PESSEGO PET 1,5L (6) CP",08/29/2024,
f118765,f228844,50,7891098040589,8.99,5.810000000033333,22021000,"MATTE LEAO LIMAO PET 1,5L (6) CP",10/11/2024,
f118765 - FD,f4720236,50,17891098040586,51.5,34.8600000002,22021000,"MATTE LEAO LIMAO PET 1,5L (6) CP",10/11/2024,
f118759,f7197,50,7891098040565,8.99,5.809999999966666,22021000,"MATTE LEAO NATURAL PET 1,5L (6) CP",08/29/2024,
f118759 - FD,f16720233,50,17891098040562,51.5,34.8599999998,22021000,"MATTE LEAO NATURAL PET 1,5L (6) CP",08/29/2024,
f118198 - FD,f6720237,50,17894900504009,54.99,36.4399999996,22029900,Powerade Mountain Blast  PT500 06 CP,09/26/2024,
f118463,f1095,50,0070847022015,9.99,5.974166666633334,22029900,Monster Energy LT 473ml 6Pack FL CP,10/11/2024,
f118463 - FD,f22620230,50,0070847022503,107.99,71.6899999996,22029900,Monster Energy LT 473ml 6Pack FL CP,10/11/2024,
f55388,f921,50,7894900700015,4.2,2.8016666666333334,22021000,CC Sem Acucar LT 350ml 6U FL,10/01/2024,
f55388 - FD,f27720235,50,7894900709834,25.5,16.8099999998,22021000,CC Sem Acucar LT 350ml 6U FL,10/01/2024,
f55404,f699,50,7894900010015,4.2,2.800833333366666,22021000,COCA COLA LT12 350ML FL,10/11/2024,
f55404 - FD,f4720230,50,47894900010013,50.5,33.6100000004,22021000,COCA COLA LT12 350ML FL,10/11/2024,
f56568 - FD,f10720233,50,7894900681192,26.2,17.4000000004,22021000,Sprite PET 200ml 12U FI MAIN,08/23/2024,
f56326,f6815,20,7894900704211,5.99,4.983749999966666,22021000,CC Sem Acucar PET RET 2L 09U,10/11/2024,
f56326 - FD,f23620232,20,17894900704218,215.5,179.4149999988,22021000,CC Sem Acucar PET RET 2L 09U,10/11/2024,
f56298 - FD,f6720238,50,7894900012217,46.99,31.3299999992,22021000,Coca-Cola PET 200ml 12U MAINLINE,10/11/2024,
f56271,f933,50,7894900681000,10.99,7.359999999999999,22021000,SPRITE ORIGINAL PET 2L 6U FL,10/11/2024,
f56271 - FD,f3720237,50,17894900681069,66.5,44.16,22021000,SPRITE ORIGINAL PET 2L 6U FL,10/11/2024,
f55935,f924,50,7894900011609,6.2,3.755000000033333,22021000,CC Pet 600ml 6 Pack FL,10/11/2024,
f55935 - FD,f23620230,50,27894900011603,67.99,45.0600000004,22021000,CC Pet 600ml 6 Pack FL,10/11/2024,
f55934,f926,50,7894900701609,6.2,3.755000000033333,22021000,CC Sem Acucar PET 600ml 6U FL,10/08/2024,
f55934 - FD,f16720234,50,27894900701603,67.99,45.0600000004,22021000,CC Sem Acucar PET 600ml 6U FL,10/08/2024,
f55609,f67,20,7894900015119,3.99,2.971875,22021000,CC LS 12 STD,10/11/2024,
f55609 - FD,f22620236,20,27894900015113,85.99,71.32499999999999,22021000,CC LS 12 STD,10/11/2024,
f55568,f2294,20,7894900014211,5.99,4.893541666711111,22021000,CC PET RET 2L 9,10/11/2024,
f55568 - FD,f22620235,20,17894900014218,211.5,176.1675000016,22021000,CC PET RET 2L 9,10/11/2024,
f55477,f7781,50,7894900911510,9.2,6.010000000033333,22021000,KUAT PET 2L 06un,10/11/2024,
f55477 - FD,f6720235,50,27894900911514,54.2,36.0600000002,22021000,KUAT PET 2L 06un,10/11/2024,
f55459,f65,50,7894900031515,11.2,7.359999999999999,22021000,FANTA LARANJA PET 2L (06),10/11/2024,
f55459 - FD,f6720236,50,27894900031519,66.5,44.16,22021000,FANTA LARANJA PET 2L (06),10/11/2024,
f141159,f122455,50,7895144208442,3.2,2.13,17049020,MENTOS FANTA LARANJA STICK 14P CX16 600G,09/05/2024,
f141159 - FD,f662471,50,7895144298443,51.2,34.08,17049020,MENTOS FANTA LARANJA STICK 14P CX16 600G,09/05/2024,
f141032,f789214,50,7898591450686,1.5,0.84,17049020,FINI BANANAS 15G CX12 180G,07/15/2024,
f141048,f189,50,7895800309780,2.99,1.64,21069050,TRIDENT MELANCIA 8G CX21 168G,07/15/2024,
f141048 - FD,f1572451,50,7895800400227,51.99,34.44,21069050,TRIDENT MELANCIA 8G CX21 168G,07/15/2024,
f139675,f248,50,7896010006360,29.99,19.95,22089000,DREHER GAR VD 900ml 1un,07/18/2024,
f139680,f134420,50,7898953990140,7.99,5.1116666667,22030000,EST GALICIA PILSEN LN 355ml 06,09/05/2024,
f139680 - FD,f2972490,50,7898953990287,46.2,30.6700000002,22030000,EST GALICIA PILSEN LN 355ml 06,09/05/2024,
f119026,f882481,50,0070847033929,9.99,6.629999999966667,22029900,MONSTER ULTRA VIOLET LT 473ML 6U FL CP,08/08/2024,
f119026 - FD,f882487,50,0070847033936,59.99,39.7799999998,22029900,MONSTER ULTRA VIOLET LT 473ML 6U FL CP,08/08/2024,
f56156,f72872,50,7894900301755,9.8,6.5316666667,22021000,"SCHWEPPES TONICA PET 1,5L C6",09/26/2024,
f56156 - FD,f2382486,50,17894900301752,58.99,39.1900000002,22021000,"SCHWEPPES TONICA PET 1,5L C6",09/26/2024,
f139367,f9038,50,78934115,7.5,4.94,22030000,SOL PREMIUM 330ML 6UNID,08/26/2024,
f139367 - FD,f2682429,50,7896045504497,44.5,29.64,22030000,SOL PREMIUM 330ML 6UNID,08/26/2024,
f118102,f1660,50,7894900573701,2.99,1.8000000000333334,22021000,KAPO MAR 200 12 CP,09/02/2024,
f118102 - FD,f292483,50,7894900573718,32.5,21.6000000004,22021000,KAPO MAR 200 12 CP,09/02/2024,
f55247,f1508,50,7894900060010,3.99,2.5499999999666665,22021000,SPRITE SA LT SIX filme liso,09/02/2024,
f55247 - FD,f292474,50,27894900060014,22.99,15.2999999998,22021000,SPRITE SA LT SIX filme liso,09/02/2024,
f118614,f088996,50,7891098040848,4.99,3.1016666667,22021000,ICE TEA LIMAO PET 450ML (6) CP,09/12/2024,
f118614 - FD,f1292476,50,17891098040845,27.99,18.6100000002,22021000,ICE TEA LIMAO PET 450ML (6) CP,09/12/2024,
f118620,f06050203,50,7891098040893,4.99,3.1016666667,22021000,ICE TEA PESSEGO PET 450ML(6) CP,09/24/2024,
f118620 - FD,f1292453,50,17891098040890,27.99,18.6100000002,22021000,ICE TEA PESSEGO PET 450ML(6) CP,09/24/2024,
f56419,f04021,50,7894900680522,8.15,5.431666666666667,22021000,"SPRITE FRESH LIMAO PET 1,5L 6U FL",09/12/2024,
f56419 - FD,f1292468,50,27894900680526,48.99,32.59,22021000,"SPRITE FRESH LIMAO PET 1,5L 6U FL",09/12/2024,
f118634,f2492491,50,7891098040749,4.99,3.1016666667,22021000,MATTE LEAO LIMAO PET 450ml (6) CP,10/11/2024,
f118634 - FD,f2492489,50,17891098040746,27.99,18.6100000002,22021000,MATTE LEAO LIMAO PET 450ml (6) CP,10/11/2024,
f119151,f0++,50,7891098041883,9.95,6.56,22021000,"LEAO CHA VERDE LIMAO ZERO 1,5L 6U CP",09/26/2024,
f119151 - FD,f2492446,50,17891098041880,59.2,39.36,22021000,"LEAO CHA VERDE LIMAO ZERO 1,5L 6U CP",09/26/2024,
f119471,f0+,50,7891098042316,4.99,3.1016666667,22021000,LEAO CHA BRANCO LICHIA ZERO 450ml 6U CP,09/24/2024,
f119471 - FD,f2492415,50,17891098042313,27.99,18.6100000002,22021000,LEAO CHA BRANCO LICHIA ZERO 450ml 6U CP,09/24/2024,
f141020,f2692411,50,7895144693064,3.2,2.13,17049020,MENTOS FRUTAS VERMELHA STICK CX16 600G,09/26/2024,
f141020 - FD,f269247,50,17895144693061,51.2,34.08,17049020,MENTOS FRUTAS VERMELHA STICK CX16 600G,09/26/2024,
f118637,f11102444,50,7891098040688,4.99,3.1,22021000,MATTE LEAO NATURAL PET 450ml (6) CP,10/11/2024,
f118637 - FD,f11102449,50,17891098040685,27.99,18.6,22021000,MATTE LEAO NATURAL PET 450ml (6) CP,10/11/2024,
